Member Properties                                                                                                                                                                                                                                                                                                                                                  (kip-in units),,,,,,,,,,,,,,,,Load Case 1,,,,Load Case 1                                                Aggregate Deflection Joints,,,Load Case 2,,,,Load Case 2                                                Aggregate Deflection Joints,,,Load Case 3,,,,Load Case 3                                                Aggregate Deflection Joints,,,Load Case 4,,,,Load Case 4                                                Aggregate Deflection Joints,,,Load Case 5,,,,Load Case 5                                                Aggregate Deflection Joints,,,Load Case 6,,,,Load Case 6                                               Aggregate Deflection Joints,,,Nodal Supports                                                                                                                                                                                                                      (Yes = 1    No = 0),,,,,,,,,                     Available Shapes         ,,,,,,Group Shape Set,,
Member,Start X,Start Y,Start Z,End X,End Y,End Z,Layer,Group,E ,G,Fy,kby,kbz,key,kez,Member,wx ,wy ,wz,X,Y,Z,Member,wx ,wy ,wz,X,Y,Z,Member,wx ,wy ,wz,X,Y,Z,Member,wx ,wy ,wz,X,Y,Z,Member,wx ,wy ,wz,X,Y,Z,Member,wx ,wy ,wz,X,Y,Z,X,Y,Z,Rx,Ry,Rz,Mx,My,Mz,Section,Shape,D (in),t (in),wt (lb/ft),W (in),Group,From,To
1,0,9.5,-5.6596,0,3.0763,-5.6596,Bottom Chord 01,1,29000,11500,70,10000000000,10000000000,10000000000,10000000000,102,0,0,-0.019444444,0,114,0,88,0,0,-0.019444444,0,138,0,87,0,0,-0.019444444,0,150,0,87,0,0,-0.019444444,0,162,0,86,0,0,-0.019444444,0,168,0,85,0,0,-0.019444444,0,174,0,32.75,218.9237,-19.25,1,1,1,0,0,0,1,Rigid Link,0.5,0.5,0,0,1,44,54
2,0,22.5,-5.6596,0,9.5,-5.6596,Bottom Chord 01,1,29000,11500,70,10000000000,10000000000,10000000000,10000000000,105,0,0,-0.019444444,32.75,54,0,89,0,0,-0.019444444,32.75,66,0,88,0,0,-0.019444444,32.75,102,0,88,0,0,-0.019444444,32.75,60,0,87,0,0,-0.019444444,32.75,90,0,86,0,0,-0.019444444,32.75,119,0,0,237.0624,-19.25,1,0,1,0,0,0,2,Round Tubing,0.1875,0.035,0.05694498,0,2,44,54
3,0,35.5,-5.6596,0,22.5,-5.6596,Bottom Chord 01,1,29000,11500,70,10000000000,10000000000,10000000000,10000000000,106,0,0,-0.019444444,,,,93,0,0,-0.019444444,,,,89,0,0,-0.019444444,,,,89,0,0,-0.019444444,,,,88,0,0,-0.019444444,,,,87,0,0,-0.019444444,,,,0,3.0763,-19.25,1,0,1,0,0,0,3,Round Tubing,0.25,0.028,0.066317563,0,3,44,54
4,0,42,-5.6596,0,35.5,-5.6596,Bottom Chord 01,1,29000,11500,70,10000000000,10000000000,10000000000,10000000000,107,0,0,-0.019444444,,,,94,0,0,-0.019444444,,,,91,0,0,-0.019444444,,,,90,0,0,-0.019444444,,,,89,0,0,-0.019444444,,,,90,0,0,-0.019444444,,,,32.75,-15.0624,-19.25,1,0,1,0,0,0,4,Round Tubing,0.25,0.035,0.080283086,0,4,44,54
5,32.75,212.5,-5.6596,32.75,218.9237,-5.6596,Bottom Chord 01,1,29000,11500,70,10000000000,10000000000,10000000000,10000000000,108,0,0,-0.019444444,,,,103,0,0,-0.019444444,,,,92,0,0,-0.019444444,,,,91,0,0,-0.019444444,,,,90,0,0,-0.019444444,,,,91,0,0,-0.019444444,,,,,,,,,,,,,5,Round Tubing,0.25,0.049,0.10507749,0,5,44,54
6,32.75,199.5,-5.6596,32.75,212.5,-5.6596,Bottom Chord 01,1,29000,11500,70,10000000000,10000000000,10000000000,10000000000,109,0,0,-0.019444444,,,,104,0,0,-0.019444444,,,,93,0,0,-0.019444444,,,,92,0,0,-0.019444444,,,,91,0,0,-0.019444444,,,,92,0,0,-0.019444444,,,,,,,,,,,,,6,Round Tubing,0.25,0.065,0.128292905,0,6,44,54
7,32.75,186.5,-5.6596,32.75,199.5,-5.6596,Bottom Chord 01,1,29000,11500,70,10000000000,10000000000,10000000000,10000000000,110,0,0,-0.019444444,,,,108,0,0,-0.019444444,,,,94,0,0,-0.019444444,,,,93,0,0,-0.019444444,,,,92,0,0,-0.019444444,,,,132,0,0,-0.019444444,,,,,,,,,,,,,7,Round Tubing,0.3125,0.028,0.084988048,0,7,44,54
8,32.75,180,-5.6596,32.75,186.5,-5.6596,Bottom Chord 01,1,29000,11500,70,10000000000,10000000000,10000000000,10000000000,111,0,0,-0.019444444,,,,109,0,0,-0.019444444,,,,103,0,0,-0.019444444,,,,131,0,0,-0.019444444,,,,131,0,0,-0.019444444,,,,141,0,0,-0.019444444,,,,,,,,,,,,,8,Round Tubing,0.3125,0.035,0.103621193,0,8,44,54
9,32.75,158.9977,-5.6596,32.75,160.5,-5.6596,Bottom Chord 02,2,29000,11500,70,10000000000,10000000000,10000000000,10000000000,114,0,0,-0.019444444,,,,110,0,0,-0.019444444,,,,104,0,0,-0.019444444,,,,132,0,0,-0.019444444,,,,132,0,0,-0.019444444,,,,143,0,0,-0.019444444,,,,,,,,,,,,,9,Round Tubing,0.3125,0.049,0.137750839,0,9,78,85
10,32.75,147.5,-5.6596,32.75,158.9977,-5.6596,Bottom Chord 02,2,29000,11500,70,10000000000,10000000000,10000000000,10000000000,115,0,0,-0.019444444,,,,131,0,0,-0.019444444,,,,131,0,0,-0.019444444,,,,136,0,0,-0.019444444,,,,143,0,0,-0.019444444,,,,144,0,0,-0.019444444,,,,,,,,,,,,,10,Round Tubing,0.375,0.028,0.103658533,0,10,44,54
11,32.75,141,-5.6596,32.75,147.5,-5.6596,Bottom Chord 02,2,29000,11500,70,10000000000,10000000000,10000000000,10000000000,116,0,0,-0.019444444,,,,133,0,0,-0.019444444,,,,132,0,0,-0.019444444,,,,137,0,0,-0.019444444,,,,144,0,0,-0.019444444,,,,145,0,0,-0.019444444,,,,,,,,,,,,,11,Round Tubing,0.375,0.035,0.126959299,0,11,44,54
12,32.75,173.5,-5.6596,32.75,180,-5.6596,Bottom Chord 02,2,29000,11500,70,10000000000,10000000000,10000000000,10000000000,118,0,0,-0.019444444,,,,134,0,0,-0.019444444,,,,134,0,0,-0.019444444,,,,143,0,0,-0.019444444,,,,145,0,0,-0.019444444,,,,146,0,0,-0.019444444,,,,,,,,,,,,,12,Round Tubing,0.375,0.049,0.170424188,0,12,44,54
13,32.75,160.5,-5.6596,32.75,173.5,-5.6596,Bottom Chord 02,2,29000,11500,70,10000000000,10000000000,10000000000,10000000000,119,0,0,-0.019444444,,,,135,0,0,-0.019444444,,,,135,0,0,-0.019444444,,,,144,0,0,-0.019444444,,,,146,0,0,-0.019444444,,,,147,0,0,-0.019444444,,,,,,,,,,,,,13,Round Tubing,0.4375,0.028,0.122329019,0,13,44,54
14,0,63.0023,-5.6596,0,61.5,-5.6596,Bottom Chord 02,2,29000,11500,70,10000000000,10000000000,10000000000,10000000000,128,0,0,-0.019444444,,,,136,0,0,-0.019444444,,,,136,0,0,-0.019444444,,,,145,0,0,-0.019444444,,,,147,0,0,-0.019444444,,,,148,0,0,-0.019444444,,,,,,,,,,,,,14,Round Tubing,0.4375,0.035,0.150297405,0,14,44,54
15,0,74.5,-5.6596,0,63.0023,-5.6596,Bottom Chord 02,2,29000,11500,70,10000000000,10000000000,10000000000,10000000000,129,0,0,-0.019444444,,,,137,0,0,-0.019444444,,,,137,0,0,-0.019444444,,,,148,0,0,-0.019444444,,,,148,0,0,-0.019444444,,,,149,0,0,-0.019444444,,,,,,,,,,,,,15,Round Tubing,0.4375,0.049,0.203097537,0,15,44,54
16,0,81,-5.6596,0,74.5,-5.6596,Bottom Chord 02,2,29000,11500,70,10000000000,10000000000,10000000000,10000000000,133,0,0,-0.019444444,,,,138,0,0,-0.019444444,,,,138,0,0,-0.019444444,,,,149,0,0,-0.019444444,,,,149,0,0,-0.019444444,,,,150,0,0,-0.019444444,,,,,,,,,,,,,16,Round Tubing,0.5,0.028,0.140999504,0,16,2,24
17,0,48.5,-5.6596,0,42,-5.6596,Bottom Chord 02,2,29000,11500,70,10000000000,10000000000,10000000000,10000000000,76,0,0,-0.0125,,,,139,0,0,-0.019444444,,,,139,0,0,-0.019444444,,,,150,0,0,-0.019444444,,,,150,0,0,-0.019444444,,,,102,0,0,-0.0125,,,,,,,,,,,,,17,Round Tubing,0.5,0.035,0.173635512,0,17,2,24
18,0,61.5,-5.6596,0,48.5,-5.6596,Bottom Chord 02,2,29000,11500,70,10000000000,10000000000,10000000000,10000000000,95,0,0,-0.0125,,,,140,0,0,-0.019444444,,,,140,0,0,-0.019444444,,,,95,0,0,-0.0125,,,,97,0,0,-0.0125,,,,104,0,0,-0.0125,,,,,,,,,,,,,18,Round Tubing,0.5,0.049,0.235770886,0,18,2,24
19,32.75,134.5,-5.6596,32.75,141,-5.6596,Bottom Chord 03,3,29000,11500,70,10000000000,10000000000,10000000000,10000000000,96,0,0,-0.0125,,,,96,0,0,-0.0125,,,,143,0,0,-0.019444444,,,,96,0,0,-0.0125,,,,98,0,0,-0.0125,,,,105,0,0,-0.0125,,,,,,,,,,,,,19,Round Tubing,0.5,0.058,0.273506604,0,19,2,24
20,32.75,108.5,-5.6596,32.75,109.9465,-5.6596,Bottom Chord 03,3,29000,11500,70,10000000000,10000000000,10000000000,10000000000,99,0,0,-0.0125,,,,97,0,0,-0.0125,,,,144,0,0,-0.019444444,,,,97,0,0,-0.0125,,,,102,0,0,-0.0125,,,,106,0,0,-0.0125,,,,,,,,,,,,,20,Round Tubing,0.5,0.065,0.301661696,0,20,2,24
21,32.75,102,-5.6596,32.75,108.5,-5.6596,Bottom Chord 03,3,29000,11500,70,10000000000,10000000000,10000000000,10000000000,100,0,0,-0.0125,,,,98,0,0,-0.0125,,,,102,0,0,-0.0125,,,,99,0,0,-0.0125,,,,112,0,0,-0.0125,,,,107,0,0,-0.0125,,,,,,,,,,,,,21,Round Tubing,0.625,0.028,0.178340474,0,21,2,24
22,32.75,122.161,-5.6596,32.75,134.5,-5.6596,Bottom Chord 03,3,29000,11500,70,10000000000,10000000000,10000000000,10000000000,101,0,0,-0.0125,,,,99,0,0,-0.0125,,,,105,0,0,-0.0125,,,,100,0,0,-0.0125,,,,113,0,0,-0.0125,,,,108,0,0,-0.0125,,,,,,,,,,,,,22,Round Tubing,0.625,0.035,0.220311725,0,22,44,54
23,32.75,121.5,-5.6596,32.75,122.161,-5.6596,Bottom Chord 03,3,29000,11500,70,10000000000,10000000000,10000000000,10000000000,120,0,0,-0.0125,,,,100,0,0,-0.0125,,,,106,0,0,-0.0125,,,,101,0,0,-0.0125,,,,114,0,0,-0.0125,,,,109,0,0,-0.0125,,,,,,,,,,,,,23,Round Tubing,0.625,0.049,0.301117584,0,23,44,54
24,32.75,109.9465,-5.6596,32.75,121.5,-5.6596,Bottom Chord 03,3,29000,11500,70,10000000000,10000000000,10000000000,10000000000,121,0,0,-0.0125,,,,101,0,0,-0.0125,,,,107,0,0,-0.0125,,,,120,0,0,-0.0125,,,,115,0,0,-0.0125,,,,110,0,0,-0.0125,,,,,,,,,,,,,24,Round Tubing,0.625,0.058,0.350855757,0,24,44,54
25,0,113.5,-5.6596,0,112.0535,-5.6596,Bottom Chord 03,3,29000,11500,70,10000000000,10000000000,10000000000,10000000000,152,0,0,-0.0125,,,,112,0,0,-0.0125,,,,111,0,0,-0.0125,,,,121,0,0,-0.0125,,,,117,0,0,-0.0125,,,,111,0,0,-0.0125,,,,,,,,,,,,,25,Round Tubing,0.625,0.065,0.388346091,0,25,44,54
26,0,120,-5.6596,0,113.5,-5.6596,Bottom Chord 03,3,29000,11500,70,10000000000,10000000000,10000000000,10000000000,153,0,0,-0.0125,,,,120,0,0,-0.0125,,,,113,0,0,-0.0125,,,,123,0,0,-0.0125,,,,118,0,0,-0.0125,,,,114,0,0,-0.0125,,,,,,,,,,,,,26,Round Tubing,0.75,0.028,0.215681444,0,26,44,54
27,0,100.5,-5.6596,0,99.839,-5.6596,Bottom Chord 03,3,29000,11500,70,10000000000,10000000000,10000000000,10000000000,154,0,0,-0.0125,,,,121,0,0,-0.0125,,,,114,0,0,-0.0125,,,,124,0,0,-0.0125,,,,119,0,0,-0.0125,,,,115,0,0,-0.0125,,,,,,,,,,,,,27,Round Tubing,0.75,0.035,0.266987938,0,27,44,54
28,0,106.1684,-5.6596,0,100.5,-5.6596,Bottom Chord 03,3,29000,11500,70,10000000000,10000000000,10000000000,10000000000,155,0,0,-0.0125,,,,122,0,0,-0.0125,,,,115,0,0,-0.0125,,,,152,0,0,-0.0125,,,,122,0,0,-0.0125,,,,116,0,0,-0.0125,,,,,,,,,,,,,28,Round Tubing,0.75,0.049,0.366464282,0,28,44,54
29,0,112.0535,-5.6596,0,106.1684,-5.6596,Bottom Chord 03,3,29000,11500,70,10000000000,10000000000,10000000000,10000000000,156,0,0,-0.0125,,,,123,0,0,-0.0125,,,,116,0,0,-0.0125,,,,155,0,0,-0.0125,,,,123,0,0,-0.0125,,,,128,0,0,-0.0125,,,,,,,,,,,,,29,Round Tubing,0.75,0.058,0.428204909,0,29,44,54
30,0,87.5,-5.6596,0,81,-5.6596,Bottom Chord 03,3,29000,11500,70,10000000000,10000000000,10000000000,10000000000,157,0,0,-0.0125,,,,124,0,0,-0.0125,,,,117,0,0,-0.0125,,,,156,0,0,-0.0125,,,,124,0,0,-0.0125,,,,133,0,0,-0.0125,,,,,,,,,,,,,30,Round Tubing,0.75,0.065,0.475030486,0,30,44,54
31,0,99.839,-5.6596,0,87.5,-5.6596,Bottom Chord 03,3,29000,11500,70,10000000000,10000000000,10000000000,10000000000,158,0,0,-0.0125,,,,155,0,0,-0.0125,,,,118,0,0,-0.0125,,,,157,0,0,-0.0125,,,,125,0,0,-0.0125,,,,134,0,0,-0.0125,,,,,,,,,,,,,31,Round Tubing,0.75,0.095,0.663869107,0,31,44,54
32,32.75,86.6507,-5.6596,32.75,92.6645,-5.6596,Bottom Chord 04,4,29000,11500,70,10000000000,10000000000,10000000000,10000000000,159,0,0,-0.0125,,,,156,0,0,-0.0125,,,,119,0,0,-0.0125,,,,158,0,0,-0.0125,,,,126,0,0,-0.0125,,,,138,0,0,-0.0125,,,,,,,,,,,,,32,Round Tubing,0.75,0.12,0.806564958,0,32,44,54
33,32.75,82.5,-5.6596,32.75,86.6507,-5.6596,Bottom Chord 04,4,29000,11500,70,10000000000,10000000000,10000000000,10000000000,,,,,,,,157,0,0,-0.0125,,,,125,0,0,-0.0125,,,,159,0,0,-0.0125,,,,127,0,0,-0.0125,,,,139,0,0,-0.0125,,,,,,,,,,,,,33,Round Tubing,0.75,0.156,0.988618191,0,33,2,54
34,32.75,69.5,-5.6596,32.75,82.5,-5.6596,Bottom Chord 04,4,29000,11500,70,10000000000,10000000000,10000000000,10000000000,,,,,,,,158,0,0,-0.0125,,,,126,0,0,-0.0125,,,,,,,,,,,128,0,0,-0.0125,,,,,,,,,,,,,,,,,,,,34,Round Tubing,0.75,0.1875,1.125230131,0,34,2,54
35,32.75,95.8861,-5.6596,32.75,102,-5.6596,Bottom Chord 04,4,29000,11500,70,10000000000,10000000000,10000000000,10000000000,,,,,,,,159,0,0,-0.0125,,,,127,0,0,-0.0125,,,,,,,,,,,129,0,0,-0.0125,,,,,,,,,,,,,,,,,,,,35,Round Tubing,0.875,0.028,0.253022415,0,35,2,54
36,32.75,95.5,-5.6596,32.75,95.8861,-5.6596,Bottom Chord 04,4,29000,11500,70,10000000000,10000000000,10000000000,10000000000,,,,,,,,,,,,,,,128,0,0,-0.0125,,,,,,,,,,,130,0,0,-0.0125,,,,,,,,,,,,,,,,,,,,36,Round Tubing,0.875,0.035,0.31366415,0,36,44,54
37,32.75,92.6645,-5.6596,32.75,95.5,-5.6596,Bottom Chord 04,4,29000,11500,70,10000000000,10000000000,10000000000,10000000000,,,,,,,,,,,,,,,129,0,0,-0.0125,,,,,,,,,,,,,,,,,,,,,,,,,,,,,,,,,,37,Round Tubing,0.875,0.049,0.43181098,0,37,44,54
38,32.75,63,-5.6596,32.75,69.5,-5.6596,Bottom Chord 04,4,29000,11500,70,10000000000,10000000000,10000000000,10000000000,,,,,,,,,,,,,,,130,0,0,-0.0125,,,,,,,,,,,,,,,,,,,,,,,,,,,,,,,,,,38,Round Tubing,0.875,0.058,0.505554062,0,38,44,94
39,0,126.1139,-5.6596,0,120,-5.6596,Bottom Chord 04,4,29000,11500,70,10000000000,10000000000,10000000000,10000000000,,,,,,,,,,,,,,,,,,,,,,,,,,,,,,,,,,,,,,,,,,,,,,,,,,,,39,Round Tubing,0.875,0.065,0.561714882,0,39,44,94
40,0,126.5,-5.6596,0,126.1139,-5.6596,Bottom Chord 04,4,29000,11500,70,10000000000,10000000000,10000000000,10000000000,,,,,,,,,,,,,,,,,,,,,,,,,,,,,,,,,,,,,,,,,,,,,,,,,,,,40,Round Tubing,0.875,0.083,0.701327435,0,40,44,54
41,0,152.5,-5.6596,0,139.5,-5.6596,Bottom Chord 04,4,29000,11500,70,10000000000,10000000000,10000000000,10000000000,,,,,,,,,,,,,,,,,,,,,,,,,,,,,,,,,,,,,,,,,,,,,,,,,,,,41,Round Tubing,0.875,0.095,0.790561685,0,41,1,1
42,0,159,-5.6596,0,152.5,-5.6596,Bottom Chord 04,4,29000,11500,70,10000000000,10000000000,10000000000,10000000000,,,,,,,,,,,,,,,,,,,,,,,,,,,,,,,,,,,,,,,,,,,,,,,,,,,,42,Round Tubing,0.875,0.12,0.966597688,0,42,44,54
43,0,129.3355,-5.6596,0,126.5,-5.6596,Bottom Chord 04,4,29000,11500,70,10000000000,10000000000,10000000000,10000000000,,,,,,,,,,,,,,,,,,,,,,,,,,,,,,,,,,,,,,,,,,,,,,,,,,,,43,Round Tubing,0.875,0.1875,1.375281271,0,43,44,54
44,0,135.3493,-5.6596,0,129.3355,-5.6596,Bottom Chord 04,4,29000,11500,70,10000000000,10000000000,10000000000,10000000000,,,,,,,,,,,,,,,,,,,,,,,,,,,,,,,,,,,,,,,,,,,,,,,,,,,,44,Round Tubing,1,0.028,0.290363385,0,44,44,54
45,0,139.5,-5.6596,0,135.3493,-5.6596,Bottom Chord 04,4,29000,11500,70,10000000000,10000000000,10000000000,10000000000,,,,,,,,,,,,,,,,,,,,,,,,,,,,,,,,,,,,,,,,,,,,,,,,,,,,45,Round Tubing,1,0.035,0.360340363,0,45,44,54
46,0,191.5,-5.6596,0,178.5,-5.6596,Bottom Chord 05,5,29000,11500,70,10000000000,10000000000,10000000000,10000000000,,,,,,,,,,,,,,,,,,,,,,,,,,,,,,,,,,,,,,,,,,,,,,,,,,,,46,Round Tubing,1,0.049,0.497157678,0,46,3,43
47,0,198,-5.6596,0,191.5,-5.6596,Bottom Chord 05,5,29000,11500,70,10000000000,10000000000,10000000000,10000000000,,,,,,,,,,,,,,,,,,,,,,,,,,,,,,,,,,,,,,,,,,,,,,,,,,,,47,Round Tubing,1,0.058,0.582903215,0,47,3,43
48,0,165.5,-5.6596,0,159,-5.6596,Bottom Chord 05,5,29000,11500,70,10000000000,10000000000,10000000000,10000000000,,,,,,,,,,,,,,,,,,,,,,,,,,,,,,,,,,,,,,,,,,,,,,,,,,,,48,Round Tubing,1,0.065,0.648399277,0,48,86,92
49,0,172.5052,-5.6596,0,165.5,-5.6596,Bottom Chord 05,5,29000,11500,70,10000000000,10000000000,10000000000,10000000000,,,,,,,,,,,,,,,,,,,,,,,,,,,,,,,,,,,,,,,,,,,,,,,,,,,,49,Round Tubing,1,0.083,0.81201674,0,49,86,92
50,0,178.5,-5.6596,0,172.5052,-5.6596,Bottom Chord 05,5,29000,11500,70,10000000000,10000000000,10000000000,10000000000,,,,,,,,,,,,,,,,,,,,,,,,,,,,,,,,,,,,,,,,,,,,,,,,,,,,50,Round Tubing,1,0.095,0.917254263,0,50,86,92
51,32.75,56.5,-5.6596,32.75,63,-5.6596,Bottom Chord 05,5,29000,11500,70,10000000000,10000000000,10000000000,10000000000,,,,,,,,,,,,,,,,,,,,,,,,,,,,,,,,,,,,,,,,,,,,,,,,,,,,51,Round Tubing,1,0.12,1.126630418,0,51,16,54
52,32.75,49.4948,-5.6596,32.75,56.5,-5.6596,Bottom Chord 05,5,29000,11500,70,10000000000,10000000000,10000000000,10000000000,,,,,,,,,,,,,,,,,,,,,,,,,,,,,,,,,,,,,,,,,,,,,,,,,,,,52,Round Tubing,1,0.156,1.404703289,0,52,16,54
53,32.75,43.5,-5.6596,32.75,49.4948,-5.6596,Bottom Chord 05,5,29000,11500,70,10000000000,10000000000,10000000000,10000000000,,,,,,,,,,,,,,,,,,,,,,,,,,,,,,,,,,,,,,,,,,,,,,,,,,,,53,Round Tubing,1,0.1875,1.625332412,0,53,16,54
54,32.75,30.5,-5.6596,32.75,43.5,-5.6596,Bottom Chord 05,5,29000,11500,70,10000000000,10000000000,10000000000,10000000000,,,,,,,,,,,,,,,,,,,,,,,,,,,,,,,,,,,,,,,,,,,,,,,,,,,,54,Round Tubing,1,0.25,2.000409122,0,54,16,54
55,32.75,24,-5.6596,32.75,30.5,-5.6596,Bottom Chord 05,5,29000,11500,70,10000000000,10000000000,10000000000,10000000000,,,,,,,,,,,,,,,,,,,,,,,,,,,,,,,,,,,,,,,,,,,,,,,,,,,,55,Round Tubing,1.125,0.035,0.407016576,0,55,44,54
56,0,204.5,-5.6596,0,198,-5.6596,Bottom Chord 06,6,29000,11500,70,10000000000,10000000000,10000000000,10000000000,,,,,,,,,,,,,,,,,,,,,,,,,,,,,,,,,,,,,,,,,,,,,,,,,,,,56,Round Tubing,1.125,0.049,0.562504376,0,56,44,54
57,0,217.5,-5.6596,0,204.5,-5.6596,Bottom Chord 06,6,29000,11500,70,10000000000,10000000000,10000000000,10000000000,,,,,,,,,,,,,,,,,,,,,,,,,,,,,,,,,,,,,,,,,,,,,,,,,,,,57,Round Tubing,1.125,0.058,0.660252368,0,57,3,43
58,0,230.5,-5.6596,0,217.5,-5.6596,Bottom Chord 06,6,29000,11500,70,10000000000,10000000000,10000000000,10000000000,,,,,,,,,,,,,,,,,,,,,,,,,,,,,,,,,,,,,,,,,,,,,,,,,,,,58,Round Tubing,1.125,0.065,0.735083672,0,58,78,85
59,0,237.0624,-5.6596,0,230.5,-5.6596,Bottom Chord 06,6,29000,11500,70,10000000000,10000000000,10000000000,10000000000,,,,,,,,,,,,,,,,,,,,,,,,,,,,,,,,,,,,,,,,,,,,,,,,,,,,59,Round Tubing,1.125,0.095,1.043946841,0,,,
60,32.75,-8.5,-5.6596,32.75,4.5,-5.6596,Bottom Chord 06,6,29000,11500,70,10000000000,10000000000,10000000000,10000000000,,,,,,,,,,,,,,,,,,,,,,,,,,,,,,,,,,,,,,,,,,,,,,,,,,,,60,Round Tubing,1.125,0.12,1.286663147,0,,,
61,32.75,-15.0624,-5.6596,32.75,-8.5,-5.6596,Bottom Chord 06,6,29000,11500,70,10000000000,10000000000,10000000000,10000000000,,,,,,,,,,,,,,,,,,,,,,,,,,,,,,,,,,,,,,,,,,,,,,,,,,,,61,Round Tubing,1.125,0.25,2.333810643,0,,,
62,32.75,17.5,-5.6596,32.75,24,-5.6596,Bottom Chord 06,6,29000,11500,70,10000000000,10000000000,10000000000,10000000000,,,,,,,,,,,,,,,,,,,,,,,,,,,,,,,,,,,,,,,,,,,,,,,,,,,,62,Round Tubing,1.25,0.035,0.453692789,0,,,
63,32.75,4.5,-5.6596,32.75,17.5,-5.6596,Bottom Chord 06,6,29000,11500,70,10000000000,10000000000,10000000000,10000000000,,,,,,,,,,,,,,,,,,,,,,,,,,,,,,,,,,,,,,,,,,,,,,,,,,,,63,Round Tubing,1.25,0.049,0.627851074,0,,,
64,-6.375,10.5033,-1.125,0,3.0763,-5.131,E Kicker 01,7,29000,11500,70,10000000000,10000000000,10000000000,10000000000,,,,,,,,,,,,,,,,,,,,,,,,,,,,,,,,,,,,,,,,,,,,,,,,,,,,64,Round Tubing,1.25,0.058,0.73760152,0,,,
65,39.125,211.4967,-1.125,32.75,218.9237,-5.131,E Kicker 01,7,29000,11500,70,10000000000,10000000000,10000000000,10000000000,,,,,,,,,,,,,,,,,,,,,,,,,,,,,,,,,,,,,,,,,,,,,,,,,,,,65,Round Tubing,1.25,0.065,0.821768067,0,,,
66,-6.375,10.5033,-1.125,0,7.0742,-1.125,E Leg Sleeve 01,8,29000,11500,70,10000000000,10000000000,10000000000,10000000000,,,,,,,,,,,,,,,,,,,,,,,,,,,,,,,,,,,,,,,,,,,,,,,,,,,,66,Round Tubing,1.25,0.083,1.033395349,0,,,
67,39.125,211.4967,-1.125,32.75,214.9258,-1.125,E Leg Sleeve 01,8,29000,11500,70,10000000000,10000000000,10000000000,10000000000,,,,,,,,,,,,,,,,,,,,,,,,,,,,,,,,,,,,,,,,,,,,,,,,,,,,67,Round Tubing,1.25,0.095,1.170639418,0,,,
68,0,3.0763,-5.6596,0,3.0763,-19.25,East Leg 01,9,29000,11500,70,10000000000,10000000000,10000000000,10000000000,,,,,,,,,,,,,,,,,,,,,,,,,,,,,,,,,,,,,,,,,,,,,,,,,,,,68,Round Tubing,1.25,0.12,1.446695877,0,,,
69,0,3.0763,-5.131,0,3.0763,-5.6596,East Leg 01,9,29000,11500,70,10000000000,10000000000,10000000000,10000000000,,,,,,,,,,,,,,,,,,,,,,,,,,,,,,,,,,,,,,,,,,,,,,,,,,,,69,Round Tubing,1.25,0.156,1.820788386,0,,,
70,0,3.0763,0,0,3.0763,-5.131,East Leg 01,9,29000,11500,70,10000000000,10000000000,10000000000,10000000000,,,,,,,,,,,,,,,,,,,,,,,,,,,,,,,,,,,,,,,,,,,,,,,,,,,,70,Round Tubing,1.25,0.25,2.667212163,0,,,
71,32.75,218.9237,-5.6596,32.75,218.9237,-19.25,East Leg 01,9,29000,11500,70,10000000000,10000000000,10000000000,10000000000,,,,,,,,,,,,,,,,,,,,,,,,,,,,,,,,,,,,,,,,,,,,,,,,,,,,71,Round Tubing,1.375,0.035,0.500369002,0,,,
72,32.75,218.9237,-5.131,32.75,218.9237,-5.6596,East Leg 01,9,29000,11500,70,10000000000,10000000000,10000000000,10000000000,,,,,,,,,,,,,,,,,,,,,,,,,,,,,,,,,,,,,,,,,,,,,,,,,,,,72,Round Tubing,1.375,0.049,0.693197772,0,,,
73,32.75,218.9237,0,32.75,218.9237,-5.131,East Leg 01,9,29000,11500,70,10000000000,10000000000,10000000000,10000000000,,,,,,,,,,,,,,,,,,,,,,,,,,,,,,,,,,,,,,,,,,,,,,,,,,,,73,Round Tubing,1.375,0.058,0.814950673,0,,,
74,0,29,0,0,16,0,Girder Decking Support 01,10,29000,11500,70,10000000000,10000000000,10000000000,10000000000,,,,,,,,,,,,,,,,,,,,,,,,,,,,,,,,,,,,,,,,,,,,,,,,,,,,74,Round Tubing,1.375,0.065,0.908452463,0,,,
75,0,36,0,0,29,0,Girder Decking Support 01,10,29000,11500,70,10000000000,10000000000,10000000000,10000000000,,,,,,,,,,,,,,,,,,,,,,,,,,,,,,,,,,,,,,,,,,,,,,,,,,,,75,Round Tubing,1.375,0.083,1.144084654,0,,,
76,0,42,0,0,36,0,Girder Decking Support 01,10,29000,11500,70,10000000000,10000000000,10000000000,10000000000,,,,,,,,,,,,,,,,,,,,,,,,,,,,,,,,,,,,,,,,,,,,,,,,,,,,76,Round Tubing,1.375,0.095,1.297331996,0,,,
77,0,3.0763,0,0,0,0,Girder Decking Support 01,10,29000,11500,70,10000000000,10000000000,10000000000,10000000000,,,,,,,,,,,,,,,,,,,,,,,,,,,,,,,,,,,,,,,,,,,,,,,,,,,,77,Round Tubing,1.375,0.12,1.606728607,0,,,
78,0,7.0742,0,0,3.0763,0,Girder Decking Support 01,10,29000,11500,70,10000000000,10000000000,10000000000,10000000000,,,,,,,,,,,,,,,,,,,,,,,,,,,,,,,,,,,,,,,,,,,,,,,,,,,,78,Round Tubing,1.5,0.035,0.547045215,0,,,
79,0,16,0,0,7.0742,0,Girder Decking Support 01,10,29000,11500,70,10000000000,10000000000,10000000000,10000000000,,,,,,,,,,,,,,,,,,,,,,,,,,,,,,,,,,,,,,,,,,,,,,,,,,,,79,Round Tubing,1.5,0.049,0.75854447,0,,,
80,32.75,206,0,32.75,214.9258,0,Girder Decking Support 01,10,29000,11500,70,10000000000,10000000000,10000000000,10000000000,,,,,,,,,,,,,,,,,,,,,,,,,,,,,,,,,,,,,,,,,,,,,,,,,,,,80,Round Tubing,1.5,0.058,0.892299826,0,,,
81,32.75,193,0,32.75,206,0,Girder Decking Support 01,10,29000,11500,70,10000000000,10000000000,10000000000,10000000000,,,,,,,,,,,,,,,,,,,,,,,,,,,,,,,,,,,,,,,,,,,,,,,,,,,,81,Round Tubing,1.5,0.065,0.995136858,0,,,
82,32.75,192,0,32.75,193,0,Girder Decking Support 01,10,29000,11500,70,10000000000,10000000000,10000000000,10000000000,,,,,,,,,,,,,,,,,,,,,,,,,,,,,,,,,,,,,,,,,,,,,,,,,,,,82,Round Tubing,1.5,0.083,1.254773959,0,,,
83,32.75,218.9237,0,32.75,222,0,Girder Decking Support 01,10,29000,11500,70,10000000000,10000000000,10000000000,10000000000,,,,,,,,,,,,,,,,,,,,,,,,,,,,,,,,,,,,,,,,,,,,,,,,,,,,83,Round Tubing,1.5,0.095,1.424024574,0,,,
84,32.75,214.9258,0,32.75,218.9237,0,Girder Decking Support 01,10,29000,11500,70,10000000000,10000000000,10000000000,10000000000,,,,,,,,,,,,,,,,,,,,,,,,,,,,,,,,,,,,,,,,,,,,,,,,,,,,84,Round Tubing,1.5,0.12,1.766761337,0,,,
85,32.75,186,0,32.75,192,0,Girder Decking Support 01,10,29000,11500,70,10000000000,10000000000,10000000000,10000000000,,,,,,,,,,,,,,,,,,,,,,,,,,,,,,,,,,,,,,,,,,,,,,,,,,,,85,Round Tubing,1.5,0.188,2.631535533,0,,,
86,32.75,180,0,32.75,186,0,Girder Decking Support 01,10,29000,11500,70,10000000000,10000000000,10000000000,10000000000,,,,,,,,,,,,,,,,,,,,,,,,,,,,,,,,,,,,,,,,,,,,,,,,,,,,86,Round Tubing,2,0.049,1.019931262,0,,,
87,32.75,156,0,32.75,160.3546,0,Girder Decking Support 02,11,29000,11500,70,10000000000,10000000000,10000000000,10000000000,,,,,,,,,,,,,,,,,,,,,,,,,,,,,,,,,,,,,,,,,,,,,,,,,,,,87,Round Tubing,2,0.065,1.341874439,0,,,
88,32.75,154,0,32.75,156,0,Girder Decking Support 02,11,29000,11500,70,10000000000,10000000000,10000000000,10000000000,,,,,,,,,,,,,,,,,,,,,,,,,,,,,,,,,,,,,,,,,,,,,,,,,,,,88,Round Tubing,2,0.095,1.930794885,0,,,
89,32.75,150,0,32.75,154,0,Girder Decking Support 02,11,29000,11500,70,10000000000,10000000000,10000000000,10000000000,,,,,,,,,,,,,,,,,,,,,,,,,,,,,,,,,,,,,,,,,,,,,,,,,,,,89,Round Tubing,2,0.12,2.406892256,0,,,
90,32.75,168,0,32.75,180,0,Girder Decking Support 02,11,29000,11500,70,10000000000,10000000000,10000000000,10000000000,,,,,,,,,,,,,,,,,,,,,,,,,,,,,,,,,,,,,,,,,,,,,,,,,,,,90,Round Tubing,2,0.156,3.069043679,0,,,
91,32.75,167,0,32.75,168,0,Girder Decking Support 02,11,29000,11500,70,10000000000,10000000000,10000000000,10000000000,,,,,,,,,,,,,,,,,,,,,,,,,,,,,,,,,,,,,,,,,,,,,,,,,,,,91,Round Tubing,2,0.188,3.634407306,0,,,
92,32.75,160.3546,0,32.75,167,0,Girder Decking Support 02,11,29000,11500,70,10000000000,10000000000,10000000000,10000000000,,,,,,,,,,,,,,,,,,,,,,,,,,,,,,,,,,,,,,,,,,,,,,,,,,,,92,Rectangular Tubing,1.5,0.065,0.995136858,1,,,
93,32.75,144,0,32.75,150,0,Girder Decking Support 02,11,29000,11500,70,10000000000,10000000000,10000000000,10000000000,,,,,,,,,,,,,,,,,,,,,,,,,,,,,,,,,,,,,,,,,,,,,,,,,,,,93,Rectangular Tubing,1.5,0.12,1.766761337,1,,,
94,32.75,141,0,32.75,144,0,Girder Decking Support 02,11,29000,11500,70,10000000000,10000000000,10000000000,10000000000,,,,,,,,,,,,,,,,,,,,,,,,,,,,,,,,,,,,,,,,,,,,,,,,,,,,94,Rectangular Tubing,1.5,0.035,0.547045215,1,,,
95,0,48,0,0,42,0,Girder Decking Support 02,11,29000,11500,70,10000000000,10000000000,10000000000,10000000000,,,,,,,,,,,,,,,,,,,,,,,,,,,,,,,,,,,,,,,,,,,,,,,,,,,,,,,,,,,,
96,0,72,0,0,68,0,Girder Decking Support 02,11,29000,11500,70,10000000000,10000000000,10000000000,10000000000,,,,,,,,,,,,,,,,,,,,,,,,,,,,,,,,,,,,,,,,,,,,,,,,,,,,,,,,,,,,
97,0,78,0,0,72,0,Girder Decking Support 02,11,29000,11500,70,10000000000,10000000000,10000000000,10000000000,,,,,,,,,,,,,,,,,,,,,,,,,,,,,,,,,,,,,,,,,,,,,,,,,,,,,,,,,,,,
98,0,81,0,0,78,0,Girder Decking Support 02,11,29000,11500,70,10000000000,10000000000,10000000000,10000000000,,,,,,,,,,,,,,,,,,,,,,,,,,,,,,,,,,,,,,,,,,,,,,,,,,,,,,,,,,,,
99,0,55,0,0,48,0,Girder Decking Support 02,11,29000,11500,70,10000000000,10000000000,10000000000,10000000000,,,,,,,,,,,,,,,,,,,,,,,,,,,,,,,,,,,,,,,,,,,,,,,,,,,,,,,,,,,,
100,0,61.6454,0,0,55,0,Girder Decking Support 02,11,29000,11500,70,10000000000,10000000000,10000000000,10000000000,,,,,,,,,,,,,,,,,,,,,,,,,,,,,,,,,,,,,,,,,,,,,,,,,,,,,,,,,,,,
101,0,68,0,0,61.6454,0,Girder Decking Support 02,11,29000,11500,70,10000000000,10000000000,10000000000,10000000000,,,,,,,,,,,,,,,,,,,,,,,,,,,,,,,,,,,,,,,,,,,,,,,,,,,,,,,,,,,,
102,32.75,102,0,32.75,108,0,Girder Decking Support 03,12,29000,11500,70,10000000000,10000000000,10000000000,10000000000,,,,,,,,,,,,,,,,,,,,,,,,,,,,,,,,,,,,,,,,,,,,,,,,,,,,,,,,,,,,
103,32.75,137,0,32.75,141,0,Girder Decking Support 03,12,29000,11500,70,10000000000,10000000000,10000000000,10000000000,,,,,,,,,,,,,,,,,,,,,,,,,,,,,,,,,,,,,,,,,,,,,,,,,,,,,,,,,,,,
104,32.75,132,0,32.75,137,0,Girder Decking Support 03,12,29000,11500,70,10000000000,10000000000,10000000000,10000000000,,,,,,,,,,,,,,,,,,,,,,,,,,,,,,,,,,,,,,,,,,,,,,,,,,,,,,,,,,,,
105,32.75,119,0,32.75,120,0,Girder Decking Support 03,12,29000,11500,70,10000000000,10000000000,10000000000,10000000000,,,,,,,,,,,,,,,,,,,,,,,,,,,,,,,,,,,,,,,,,,,,,,,,,,,,,,,,,,,,
106,32.75,115,0,32.75,119,0,Girder Decking Support 03,12,29000,11500,70,10000000000,10000000000,10000000000,10000000000,,,,,,,,,,,,,,,,,,,,,,,,,,,,,,,,,,,,,,,,,,,,,,,,,,,,,,,,,,,,
107,32.75,108,0,32.75,115,0,Girder Decking Support 03,12,29000,11500,70,10000000000,10000000000,10000000000,10000000000,,,,,,,,,,,,,,,,,,,,,,,,,,,,,,,,,,,,,,,,,,,,,,,,,,,,,,,,,,,,
108,32.75,128,0,32.75,132,0,Girder Decking Support 03,12,29000,11500,70,10000000000,10000000000,10000000000,10000000000,,,,,,,,,,,,,,,,,,,,,,,,,,,,,,,,,,,,,,,,,,,,,,,,,,,,,,,,,,,,
109,32.75,121.522,0,32.75,128,0,Girder Decking Support 03,12,29000,11500,70,10000000000,10000000000,10000000000,10000000000,,,,,,,,,,,,,,,,,,,,,,,,,,,,,,,,,,,,,,,,,,,,,,,,,,,,,,,,,,,,
110,32.75,120,0,32.75,121.522,0,Girder Decking Support 03,12,29000,11500,70,10000000000,10000000000,10000000000,10000000000,,,,,,,,,,,,,,,,,,,,,,,,,,,,,,,,,,,,,,,,,,,,,,,,,,,,,,,,,,,,
111,0,120,0,0,114,0,Girder Decking Support 03,12,29000,11500,70,10000000000,10000000000,10000000000,10000000000,,,,,,,,,,,,,,,,,,,,,,,,,,,,,,,,,,,,,,,,,,,,,,,,,,,,,,,,,,,,
112,0,84,0,0,81,0,Girder Decking Support 03,12,29000,11500,70,10000000000,10000000000,10000000000,10000000000,,,,,,,,,,,,,,,,,,,,,,,,,,,,,,,,,,,,,,,,,,,,,,,,,,,,,,,,,,,,
113,0,94,0,0,84,0,Girder Decking Support 03,12,29000,11500,70,10000000000,10000000000,10000000000,10000000000,,,,,,,,,,,,,,,,,,,,,,,,,,,,,,,,,,,,,,,,,,,,,,,,,,,,,,,,,,,,
114,0,107,0,0,101,0,Girder Decking Support 03,12,29000,11500,70,10000000000,10000000000,10000000000,10000000000,,,,,,,,,,,,,,,,,,,,,,,,,,,,,,,,,,,,,,,,,,,,,,,,,,,,,,,,,,,,
115,0,108,0,0,107,0,Girder Decking Support 03,12,29000,11500,70,10000000000,10000000000,10000000000,10000000000,,,,,,,,,,,,,,,,,,,,,,,,,,,,,,,,,,,,,,,,,,,,,,,,,,,,,,,,,,,,
116,0,114,0,0,108,0,Girder Decking Support 03,12,29000,11500,70,10000000000,10000000000,10000000000,10000000000,,,,,,,,,,,,,,,,,,,,,,,,,,,,,,,,,,,,,,,,,,,,,,,,,,,,,,,,,,,,
117,0,96,0,0,94,0,Girder Decking Support 03,12,29000,11500,70,10000000000,10000000000,10000000000,10000000000,,,,,,,,,,,,,,,,,,,,,,,,,,,,,,,,,,,,,,,,,,,,,,,,,,,,,,,,,,,,
118,0,100.478,0,0,96,0,Girder Decking Support 03,12,29000,11500,70,10000000000,10000000000,10000000000,10000000000,,,,,,,,,,,,,,,,,,,,,,,,,,,,,,,,,,,,,,,,,,,,,,,,,,,,,,,,,,,,
119,0,101,0,0,100.478,0,Girder Decking Support 03,12,29000,11500,70,10000000000,10000000000,10000000000,10000000000,,,,,,,,,,,,,,,,,,,,,,,,,,,,,,,,,,,,,,,,,,,,,,,,,,,,,,,,,,,,
120,32.75,66,0,32.75,72,0,Girder Decking Support 04,13,29000,11500,70,10000000000,10000000000,10000000000,10000000000,,,,,,,,,,,,,,,,,,,,,,,,,,,,,,,,,,,,,,,,,,,,,,,,,,,,,,,,,,,,
121,32.75,63,0,32.75,66,0,Girder Decking Support 04,13,29000,11500,70,10000000000,10000000000,10000000000,10000000000,,,,,,,,,,,,,,,,,,,,,,,,,,,,,,,,,,,,,,,,,,,,,,,,,,,,,,,,,,,,
122,32.75,78,0,32.75,84,0,Girder Decking Support 04,13,29000,11500,70,10000000000,10000000000,10000000000,10000000000,,,,,,,,,,,,,,,,,,,,,,,,,,,,,,,,,,,,,,,,,,,,,,,,,,,,,,,,,,,,
123,32.75,76,0,32.75,78,0,Girder Decking Support 04,13,29000,11500,70,10000000000,10000000000,10000000000,10000000000,,,,,,,,,,,,,,,,,,,,,,,,,,,,,,,,,,,,,,,,,,,,,,,,,,,,,,,,,,,,
124,32.75,72,0,32.75,76,0,Girder Decking Support 04,13,29000,11500,70,10000000000,10000000000,10000000000,10000000000,,,,,,,,,,,,,,,,,,,,,,,,,,,,,,,,,,,,,,,,,,,,,,,,,,,,,,,,,,,,
125,32.75,89,0,32.75,90,0,Girder Decking Support 04,13,29000,11500,70,10000000000,10000000000,10000000000,10000000000,,,,,,,,,,,,,,,,,,,,,,,,,,,,,,,,,,,,,,,,,,,,,,,,,,,,,,,,,,,,
126,32.75,87.522,0,32.75,89,0,Girder Decking Support 04,13,29000,11500,70,10000000000,10000000000,10000000000,10000000000,,,,,,,,,,,,,,,,,,,,,,,,,,,,,,,,,,,,,,,,,,,,,,,,,,,,,,,,,,,,
127,32.75,84,0,32.75,87.522,0,Girder Decking Support 04,13,29000,11500,70,10000000000,10000000000,10000000000,10000000000,,,,,,,,,,,,,,,,,,,,,,,,,,,,,,,,,,,,,,,,,,,,,,,,,,,,,,,,,,,,
128,32.75,101,0,32.75,102,0,Girder Decking Support 04,13,29000,11500,70,10000000000,10000000000,10000000000,10000000000,,,,,,,,,,,,,,,,,,,,,,,,,,,,,,,,,,,,,,,,,,,,,,,,,,,,,,,,,,,,
129,32.75,96,0,32.75,101,0,Girder Decking Support 04,13,29000,11500,70,10000000000,10000000000,10000000000,10000000000,,,,,,,,,,,,,,,,,,,,,,,,,,,,,,,,,,,,,,,,,,,,,,,,,,,,,,,,,,,,
130,32.75,90,0,32.75,96,0,Girder Decking Support 04,13,29000,11500,70,10000000000,10000000000,10000000000,10000000000,,,,,,,,,,,,,,,,,,,,,,,,,,,,,,,,,,,,,,,,,,,,,,,,,,,,,,,,,,,,
131,0,156,0,0,150,0,Girder Decking Support 04,13,29000,11500,70,10000000000,10000000000,10000000000,10000000000,,,,,,,,,,,,,,,,,,,,,,,,,,,,,,,,,,,,,,,,,,,,,,,,,,,,,,,,,,,,
132,0,159,0,0,156,0,Girder Decking Support 04,13,29000,11500,70,10000000000,10000000000,10000000000,10000000000,,,,,,,,,,,,,,,,,,,,,,,,,,,,,,,,,,,,,,,,,,,,,,,,,,,,,,,,,,,,
133,0,132,0,0,120,0,Girder Decking Support 04,13,29000,11500,70,10000000000,10000000000,10000000000,10000000000,,,,,,,,,,,,,,,,,,,,,,,,,,,,,,,,,,,,,,,,,,,,,,,,,,,,,,,,,,,,
134,0,133,0,0,132,0,Girder Decking Support 04,13,29000,11500,70,10000000000,10000000000,10000000000,10000000000,,,,,,,,,,,,,,,,,,,,,,,,,,,,,,,,,,,,,,,,,,,,,,,,,,,,,,,,,,,,
135,0,144,0,0,138,0,Girder Decking Support 04,13,29000,11500,70,10000000000,10000000000,10000000000,10000000000,,,,,,,,,,,,,,,,,,,,,,,,,,,,,,,,,,,,,,,,,,,,,,,,,,,,,,,,,,,,
136,0,146,0,0,144,0,Girder Decking Support 04,13,29000,11500,70,10000000000,10000000000,10000000000,10000000000,,,,,,,,,,,,,,,,,,,,,,,,,,,,,,,,,,,,,,,,,,,,,,,,,,,,,,,,,,,,
137,0,150,0,0,146,0,Girder Decking Support 04,13,29000,11500,70,10000000000,10000000000,10000000000,10000000000,,,,,,,,,,,,,,,,,,,,,,,,,,,,,,,,,,,,,,,,,,,,,,,,,,,,,,,,,,,,
138,0,134.478,0,0,133,0,Girder Decking Support 04,13,29000,11500,70,10000000000,10000000000,10000000000,10000000000,,,,,,,,,,,,,,,,,,,,,,,,,,,,,,,,,,,,,,,,,,,,,,,,,,,,,,,,,,,,
139,0,137,0,0,134.478,0,Girder Decking Support 04,13,29000,11500,70,10000000000,10000000000,10000000000,10000000000,,,,,,,,,,,,,,,,,,,,,,,,,,,,,,,,,,,,,,,,,,,,,,,,,,,,,,,,,,,,
140,0,138,0,0,137,0,Girder Decking Support 04,13,29000,11500,70,10000000000,10000000000,10000000000,10000000000,,,,,,,,,,,,,,,,,,,,,,,,,,,,,,,,,,,,,,,,,,,,,,,,,,,,,,,,,,,,
141,0,192,0,0,186,0,Girder Decking Support 05,14,29000,11500,70,10000000000,10000000000,10000000000,10000000000,,,,,,,,,,,,,,,,,,,,,,,,,,,,,,,,,,,,,,,,,,,,,,,,,,,,,,,,,,,,
142,0,198,0,0,192,0,Girder Decking Support 05,14,29000,11500,70,10000000000,10000000000,10000000000,10000000000,,,,,,,,,,,,,,,,,,,,,,,,,,,,,,,,,,,,,,,,,,,,,,,,,,,,,,,,,,,,
143,0,162,0,0,159,0,Girder Decking Support 05,14,29000,11500,70,10000000000,10000000000,10000000000,10000000000,,,,,,,,,,,,,,,,,,,,,,,,,,,,,,,,,,,,,,,,,,,,,,,,,,,,,,,,,,,,
144,0,168,0,0,162,0,Girder Decking Support 05,14,29000,11500,70,10000000000,10000000000,10000000000,10000000000,,,,,,,,,,,,,,,,,,,,,,,,,,,,,,,,,,,,,,,,,,,,,,,,,,,,,,,,,,,,
145,0,180,0,0,174,0,Girder Decking Support 05,14,29000,11500,70,10000000000,10000000000,10000000000,10000000000,,,,,,,,,,,,,,,,,,,,,,,,,,,,,,,,,,,,,,,,,,,,,,,,,,,,,,,,,,,,
146,0,185,0,0,180,0,Girder Decking Support 05,14,29000,11500,70,10000000000,10000000000,10000000000,10000000000,,,,,,,,,,,,,,,,,,,,,,,,,,,,,,,,,,,,,,,,,,,,,,,,,,,,,,,,,,,,
147,0,186,0,0,185,0,Girder Decking Support 05,14,29000,11500,70,10000000000,10000000000,10000000000,10000000000,,,,,,,,,,,,,,,,,,,,,,,,,,,,,,,,,,,,,,,,,,,,,,,,,,,,,,,,,,,,
148,0,172,0,0,168,0,Girder Decking Support 05,14,29000,11500,70,10000000000,10000000000,10000000000,10000000000,,,,,,,,,,,,,,,,,,,,,,,,,,,,,,,,,,,,,,,,,,,,,,,,,,,,,,,,,,,,
149,0,173.3106,0,0,172,0,Girder Decking Support 05,14,29000,11500,70,10000000000,10000000000,10000000000,10000000000,,,,,,,,,,,,,,,,,,,,,,,,,,,,,,,,,,,,,,,,,,,,,,,,,,,,,,,,,,,,
150,0,174,0,0,173.3106,0,Girder Decking Support 05,14,29000,11500,70,10000000000,10000000000,10000000000,10000000000,,,,,,,,,,,,,,,,,,,,,,,,,,,,,,,,,,,,,,,,,,,,,,,,,,,,,,,,,,,,
151,32.75,24,0,32.75,36,0,Girder Decking Support 05,14,29000,11500,70,10000000000,10000000000,10000000000,10000000000,,,,,,,,,,,,,,,,,,,,,,,,,,,,,,,,,,,,,,,,,,,,,,,,,,,,,,,,,,,,
152,32.75,42,0,32.75,48,0,Girder Decking Support 05,14,29000,11500,70,10000000000,10000000000,10000000000,10000000000,,,,,,,,,,,,,,,,,,,,,,,,,,,,,,,,,,,,,,,,,,,,,,,,,,,,,,,,,,,,
153,32.75,37,0,32.75,42,0,Girder Decking Support 05,14,29000,11500,70,10000000000,10000000000,10000000000,10000000000,,,,,,,,,,,,,,,,,,,,,,,,,,,,,,,,,,,,,,,,,,,,,,,,,,,,,,,,,,,,
154,32.75,36,0,32.75,37,0,Girder Decking Support 05,14,29000,11500,70,10000000000,10000000000,10000000000,10000000000,,,,,,,,,,,,,,,,,,,,,,,,,,,,,,,,,,,,,,,,,,,,,,,,,,,,,,,,,,,,
155,32.75,50,0,32.75,54,0,Girder Decking Support 05,14,29000,11500,70,10000000000,10000000000,10000000000,10000000000,,,,,,,,,,,,,,,,,,,,,,,,,,,,,,,,,,,,,,,,,,,,,,,,,,,,,,,,,,,,
156,32.75,48.6894,0,32.75,50,0,Girder Decking Support 05,14,29000,11500,70,10000000000,10000000000,10000000000,10000000000,,,,,,,,,,,,,,,,,,,,,,,,,,,,,,,,,,,,,,,,,,,,,,,,,,,,,,,,,,,,
157,32.75,48,0,32.75,48.6894,0,Girder Decking Support 05,14,29000,11500,70,10000000000,10000000000,10000000000,10000000000,,,,,,,,,,,,,,,,,,,,,,,,,,,,,,,,,,,,,,,,,,,,,,,,,,,,,,,,,,,,
158,32.75,60,0,32.75,63,0,Girder Decking Support 05,14,29000,11500,70,10000000000,10000000000,10000000000,10000000000,,,,,,,,,,,,,,,,,,,,,,,,,,,,,,,,,,,,,,,,,,,,,,,,,,,,,,,,,,,,
159,32.75,54,0,32.75,60,0,Girder Decking Support 05,14,29000,11500,70,10000000000,10000000000,10000000000,10000000000,,,,,,,,,,,,,,,,,,,,,,,,,,,,,,,,,,,,,,,,,,,,,,,,,,,,,,,,,,,,
160,0,237.0624,0,0,232.5422,0,Girder Decking Support 06,15,29000,11500,70,10000000000,10000000000,10000000000,10000000000,,,,,,,,,,,,,,,,,,,,,,,,,,,,,,,,,,,,,,,,,,,,,,,,,,,,,,,,,,,,
161,0,240,0,0,237.0624,0,Girder Decking Support 06,15,29000,11500,70,10000000000,10000000000,10000000000,10000000000,,,,,,,,,,,,,,,,,,,,,,,,,,,,,,,,,,,,,,,,,,,,,,,,,,,,,,,,,,,,
162,0,211,0,0,198,0,Girder Decking Support 06,15,29000,11500,70,10000000000,10000000000,10000000000,10000000000,,,,,,,,,,,,,,,,,,,,,,,,,,,,,,,,,,,,,,,,,,,,,,,,,,,,,,,,,,,,
163,0,224,0,0,211,0,Girder Decking Support 06,15,29000,11500,70,10000000000,10000000000,10000000000,10000000000,,,,,,,,,,,,,,,,,,,,,,,,,,,,,,,,,,,,,,,,,,,,,,,,,,,,,,,,,,,,
164,0,232.5422,0,0,224,0,Girder Decking Support 06,15,29000,11500,70,10000000000,10000000000,10000000000,10000000000,,,,,,,,,,,,,,,,,,,,,,,,,,,,,,,,,,,,,,,,,,,,,,,,,,,,,,,,,,,,
165,32.75,11,0,32.75,24,0,Girder Decking Support 06,15,29000,11500,70,10000000000,10000000000,10000000000,10000000000,,,,,,,,,,,,,,,,,,,,,,,,,,,,,,,,,,,,,,,,,,,,,,,,,,,,,,,,,,,,
166,32.75,-2,0,32.75,11,0,Girder Decking Support 06,15,29000,11500,70,10000000000,10000000000,10000000000,10000000000,,,,,,,,,,,,,,,,,,,,,,,,,,,,,,,,,,,,,,,,,,,,,,,,,,,,,,,,,,,,
167,32.75,-10.5422,0,32.75,-2,0,Girder Decking Support 06,15,29000,11500,70,10000000000,10000000000,10000000000,10000000000,,,,,,,,,,,,,,,,,,,,,,,,,,,,,,,,,,,,,,,,,,,,,,,,,,,,,,,,,,,,
168,32.75,-15.0624,0,32.75,-10.5422,0,Girder Decking Support 06,15,29000,11500,70,10000000000,10000000000,10000000000,10000000000,,,,,,,,,,,,,,,,,,,,,,,,,,,,,,,,,,,,,,,,,,,,,,,,,,,,,,,,,,,,
169,32.75,-18,0,32.75,-15.0624,0,Girder Decking Support 06,15,29000,11500,70,10000000000,10000000000,10000000000,10000000000,,,,,,,,,,,,,,,,,,,,,,,,,,,,,,,,,,,,,,,,,,,,,,,,,,,,,,,,,,,,
170,0,35.5,-5.6596,0,42,0,Girder Web 01,16,29000,11500,70,10000000000,10000000000,10000000000,10000000000,,,,,,,,,,,,,,,,,,,,,,,,,,,,,,,,,,,,,,,,,,,,,,,,,,,,,,,,,,,,
171,0,9.5,-5.6596,0,16,0,Girder Web 01,16,29000,11500,70,10000000000,10000000000,10000000000,10000000000,,,,,,,,,,,,,,,,,,,,,,,,,,,,,,,,,,,,,,,,,,,,,,,,,,,,,,,,,,,,
172,0,5.8011,-2.4007,0,9.5,-5.6596,Girder Web 01,16,29000,11500,70,10000000000,10000000000,10000000000,10000000000,,,,,,,,,,,,,,,,,,,,,,,,,,,,,,,,,,,,,,,,,,,,,,,,,,,,,,,,,,,,
173,0,3.0763,0,0,5.8011,-2.4007,Girder Web 01,16,29000,11500,70,10000000000,10000000000,10000000000,10000000000,,,,,,,,,,,,,,,,,,,,,,,,,,,,,,,,,,,,,,,,,,,,,,,,,,,,,,,,,,,,
174,0,29,0,0,35.5,-5.6596,Girder Web 01,16,29000,11500,70,10000000000,10000000000,10000000000,10000000000,,,,,,,,,,,,,,,,,,,,,,,,,,,,,,,,,,,,,,,,,,,,,,,,,,,,,,,,,,,,
175,0,22.5,-5.6596,0,29,0,Girder Web 01,16,29000,11500,70,10000000000,10000000000,10000000000,10000000000,,,,,,,,,,,,,,,,,,,,,,,,,,,,,,,,,,,,,,,,,,,,,,,,,,,,,,,,,,,,
176,0,16,0,0,22.5,-5.6596,Girder Web 01,16,29000,11500,70,10000000000,10000000000,10000000000,10000000000,,,,,,,,,,,,,,,,,,,,,,,,,,,,,,,,,,,,,,,,,,,,,,,,,,,,,,,,,,,,
177,32.75,206,0,32.75,199.5,-5.6596,Girder Web 01,16,29000,11500,70,10000000000,10000000000,10000000000,10000000000,,,,,,,,,,,,,,,,,,,,,,,,,,,,,,,,,,,,,,,,,,,,,,,,,,,,,,,,,,,,
178,32.75,212.5,-5.6596,32.75,206,0,Girder Web 01,16,29000,11500,70,10000000000,10000000000,10000000000,10000000000,,,,,,,,,,,,,,,,,,,,,,,,,,,,,,,,,,,,,,,,,,,,,,,,,,,,,,,,,,,,
179,32.75,216.1989,-2.4007,32.75,212.5,-5.6596,Girder Web 01,16,29000,11500,70,10000000000,10000000000,10000000000,10000000000,,,,,,,,,,,,,,,,,,,,,,,,,,,,,,,,,,,,,,,,,,,,,,,,,,,,,,,,,,,,
180,32.75,186.5,-5.6596,32.75,180,0,Girder Web 01,16,29000,11500,70,10000000000,10000000000,10000000000,10000000000,,,,,,,,,,,,,,,,,,,,,,,,,,,,,,,,,,,,,,,,,,,,,,,,,,,,,,,,,,,,
181,32.75,193,0,32.75,186.5,-5.6596,Girder Web 01,16,29000,11500,70,10000000000,10000000000,10000000000,10000000000,,,,,,,,,,,,,,,,,,,,,,,,,,,,,,,,,,,,,,,,,,,,,,,,,,,,,,,,,,,,
182,32.75,199.5,-5.6596,32.75,193,0,Girder Web 01,16,29000,11500,70,10000000000,10000000000,10000000000,10000000000,,,,,,,,,,,,,,,,,,,,,,,,,,,,,,,,,,,,,,,,,,,,,,,,,,,,,,,,,,,,
183,32.75,218.9237,0,32.75,216.1989,-2.4007,Girder Web 01,16,29000,11500,70,10000000000,10000000000,10000000000,10000000000,,,,,,,,,,,,,,,,,,,,,,,,,,,,,,,,,,,,,,,,,,,,,,,,,,,,,,,,,,,,
184,32.75,159.3082,-4.6219,32.75,154,0,Girder Web 02,17,29000,11500,70,10000000000,10000000000,10000000000,10000000000,,,,,,,,,,,,,,,,,,,,,,,,,,,,,,,,,,,,,,,,,,,,,,,,,,,,,,,,,,,,
185,32.75,160.5,-5.6596,32.75,159.3082,-4.6219,Girder Web 02,17,29000,11500,70,10000000000,10000000000,10000000000,10000000000,,,,,,,,,,,,,,,,,,,,,,,,,,,,,,,,,,,,,,,,,,,,,,,,,,,,,,,,,,,,
186,32.75,167,0,32.75,160.5,-5.6596,Girder Web 02,17,29000,11500,70,10000000000,10000000000,10000000000,10000000000,,,,,,,,,,,,,,,,,,,,,,,,,,,,,,,,,,,,,,,,,,,,,,,,,,,,,,,,,,,,
187,32.75,147.5,-5.6596,32.75,141,0,Girder Web 02,17,29000,11500,70,10000000000,10000000000,10000000000,10000000000,,,,,,,,,,,,,,,,,,,,,,,,,,,,,,,,,,,,,,,,,,,,,,,,,,,,,,,,,,,,
188,32.75,154,0,32.75,147.5,-5.6596,Girder Web 02,17,29000,11500,70,10000000000,10000000000,10000000000,10000000000,,,,,,,,,,,,,,,,,,,,,,,,,,,,,,,,,,,,,,,,,,,,,,,,,,,,,,,,,,,,
189,32.75,173.5,-5.6596,32.75,167,0,Girder Web 02,17,29000,11500,70,10000000000,10000000000,10000000000,10000000000,,,,,,,,,,,,,,,,,,,,,,,,,,,,,,,,,,,,,,,,,,,,,,,,,,,,,,,,,,,,
190,32.75,180,0,32.75,173.5,-5.6596,Girder Web 02,17,29000,11500,70,10000000000,10000000000,10000000000,10000000000,,,,,,,,,,,,,,,,,,,,,,,,,,,,,,,,,,,,,,,,,,,,,,,,,,,,,,,,,,,,
191,0,62.6918,-4.6219,0,68,0,Girder Web 02,17,29000,11500,70,10000000000,10000000000,10000000000,10000000000,,,,,,,,,,,,,,,,,,,,,,,,,,,,,,,,,,,,,,,,,,,,,,,,,,,,,,,,,,,,
192,0,61.5,-5.6596,0,62.6918,-4.6219,Girder Web 02,17,29000,11500,70,10000000000,10000000000,10000000000,10000000000,,,,,,,,,,,,,,,,,,,,,,,,,,,,,,,,,,,,,,,,,,,,,,,,,,,,,,,,,,,,
193,0,55,0,0,61.5,-5.6596,Girder Web 02,17,29000,11500,70,10000000000,10000000000,10000000000,10000000000,,,,,,,,,,,,,,,,,,,,,,,,,,,,,,,,,,,,,,,,,,,,,,,,,,,,,,,,,,,,
194,0,74.5,-5.6596,0,81,0,Girder Web 02,17,29000,11500,70,10000000000,10000000000,10000000000,10000000000,,,,,,,,,,,,,,,,,,,,,,,,,,,,,,,,,,,,,,,,,,,,,,,,,,,,,,,,,,,,
195,0,68,0,0,74.5,-5.6596,Girder Web 02,17,29000,11500,70,10000000000,10000000000,10000000000,10000000000,,,,,,,,,,,,,,,,,,,,,,,,,,,,,,,,,,,,,,,,,,,,,,,,,,,,,,,,,,,,
196,0,48.5,-5.6596,0,55,0,Girder Web 02,17,29000,11500,70,10000000000,10000000000,10000000000,10000000000,,,,,,,,,,,,,,,,,,,,,,,,,,,,,,,,,,,,,,,,,,,,,,,,,,,,,,,,,,,,
197,0,42,0,0,48.5,-5.6596,Girder Web 02,17,29000,11500,70,10000000000,10000000000,10000000000,10000000000,,,,,,,,,,,,,,,,,,,,,,,,,,,,,,,,,,,,,,,,,,,,,,,,,,,,,,,,,,,,
198,32.75,108.5,-5.6596,32.75,102,0,Girder Web 03,18,29000,11500,70,10000000000,10000000000,10000000000,10000000000,,,,,,,,,,,,,,,,,,,,,,,,,,,,,,,,,,,,,,,,,,,,,,,,,,,,,,,,,,,,
199,32.75,115,0,32.75,108.5,-5.6596,Girder Web 03,18,29000,11500,70,10000000000,10000000000,10000000000,10000000000,,,,,,,,,,,,,,,,,,,,,,,,,,,,,,,,,,,,,,,,,,,,,,,,,,,,,,,,,,,,
200,32.75,128,0,32.75,122.0888,-5.147,Girder Web 03,18,29000,11500,70,10000000000,10000000000,10000000000,10000000000,,,,,,,,,,,,,,,,,,,,,,,,,,,,,,,,,,,,,,,,,,,,,,,,,,,,,,,,,,,,
201,32.75,134.5,-5.6596,32.75,128,0,Girder Web 03,18,29000,11500,70,10000000000,10000000000,10000000000,10000000000,,,,,,,,,,,,,,,,,,,,,,,,,,,,,,,,,,,,,,,,,,,,,,,,,,,,,,,,,,,,
202,32.75,141,0,32.75,134.5,-5.6596,Girder Web 03,18,29000,11500,70,10000000000,10000000000,10000000000,10000000000,,,,,,,,,,,,,,,,,,,,,,,,,,,,,,,,,,,,,,,,,,,,,,,,,,,,,,,,,,,,
203,32.75,119.8906,-4.2583,32.75,115,0,Girder Web 03,18,29000,11500,70,10000000000,10000000000,10000000000,10000000000,,,,,,,,,,,,,,,,,,,,,,,,,,,,,,,,,,,,,,,,,,,,,,,,,,,,,,,,,,,,
204,32.75,121.5,-5.6596,32.75,119.8906,-4.2583,Girder Web 03,18,29000,11500,70,10000000000,10000000000,10000000000,10000000000,,,,,,,,,,,,,,,,,,,,,,,,,,,,,,,,,,,,,,,,,,,,,,,,,,,,,,,,,,,,
205,32.75,122.0888,-5.147,32.75,121.5,-5.6596,Girder Web 03,18,29000,11500,70,10000000000,10000000000,10000000000,10000000000,,,,,,,,,,,,,,,,,,,,,,,,,,,,,,,,,,,,,,,,,,,,,,,,,,,,,,,,,,,,
206,0,107,0,0,113.5,-5.6596,Girder Web 03,18,29000,11500,70,10000000000,10000000000,10000000000,10000000000,,,,,,,,,,,,,,,,,,,,,,,,,,,,,,,,,,,,,,,,,,,,,,,,,,,,,,,,,,,,
207,0,103.2087,-3.3011,0,107,0,Girder Web 03,18,29000,11500,70,10000000000,10000000000,10000000000,10000000000,,,,,,,,,,,,,,,,,,,,,,,,,,,,,,,,,,,,,,,,,,,,,,,,,,,,,,,,,,,,
208,0,102.1094,-4.2583,0,103.2087,-3.3011,Girder Web 03,18,29000,11500,70,10000000000,10000000000,10000000000,10000000000,,,,,,,,,,,,,,,,,,,,,,,,,,,,,,,,,,,,,,,,,,,,,,,,,,,,,,,,,,,,
209,0,113.5,-5.6596,0,120,0,Girder Web 03,18,29000,11500,70,10000000000,10000000000,10000000000,10000000000,,,,,,,,,,,,,,,,,,,,,,,,,,,,,,,,,,,,,,,,,,,,,,,,,,,,,,,,,,,,
210,0,100.5,-5.6596,0,102.1094,-4.2583,Girder Web 03,18,29000,11500,70,10000000000,10000000000,10000000000,10000000000,,,,,,,,,,,,,,,,,,,,,,,,,,,,,,,,,,,,,,,,,,,,,,,,,,,,,,,,,,,,
211,0,81,0,0,87.5,-5.6596,Girder Web 03,18,29000,11500,70,10000000000,10000000000,10000000000,10000000000,,,,,,,,,,,,,,,,,,,,,,,,,,,,,,,,,,,,,,,,,,,,,,,,,,,,,,,,,,,,
212,0,99.9112,-5.147,0,100.5,-5.6596,Girder Web 03,18,29000,11500,70,10000000000,10000000000,10000000000,10000000000,,,,,,,,,,,,,,,,,,,,,,,,,,,,,,,,,,,,,,,,,,,,,,,,,,,,,,,,,,,,
213,0,94,0,0,99.9112,-5.147,Girder Web 03,18,29000,11500,70,10000000000,10000000000,10000000000,10000000000,,,,,,,,,,,,,,,,,,,,,,,,,,,,,,,,,,,,,,,,,,,,,,,,,,,,,,,,,,,,
214,0,87.5,-5.6596,0,94,0,Girder Web 03,18,29000,11500,70,10000000000,10000000000,10000000000,10000000000,,,,,,,,,,,,,,,,,,,,,,,,,,,,,,,,,,,,,,,,,,,,,,,,,,,,,,,,,,,,
215,0,146,0,0,152.5,-5.6596,Girder Web 04,19,29000,11500,70,10000000000,10000000000,10000000000,10000000000,,,,,,,,,,,,,,,,,,,,,,,,,,,,,,,,,,,,,,,,,,,,,,,,,,,,,,,,,,,,
216,0,139.5,-5.6596,0,146,0,Girder Web 04,19,29000,11500,70,10000000000,10000000000,10000000000,10000000000,,,,,,,,,,,,,,,,,,,,,,,,,,,,,,,,,,,,,,,,,,,,,,,,,,,,,,,,,,,,
217,0,134.5154,-1.3195,0,139.5,-5.6596,Girder Web 04,19,29000,11500,70,10000000000,10000000000,10000000000,10000000000,,,,,,,,,,,,,,,,,,,,,,,,,,,,,,,,,,,,,,,,,,,,,,,,,,,,,,,,,,,,
218,0,152.5,-5.6596,0,159,0,Girder Web 04,19,29000,11500,70,10000000000,10000000000,10000000000,10000000000,,,,,,,,,,,,,,,,,,,,,,,,,,,,,,,,,,,,,,,,,,,,,,,,,,,,,,,,,,,,
219,0,134.3856,-1.2065,0,134.5154,-1.3195,Girder Web 04,19,29000,11500,70,10000000000,10000000000,10000000000,10000000000,,,,,,,,,,,,,,,,,,,,,,,,,,,,,,,,,,,,,,,,,,,,,,,,,,,,,,,,,,,,
220,0,126.4302,-5.5988,0,126.5,-5.6596,Girder Web 04,19,29000,11500,70,10000000000,10000000000,10000000000,10000000000,,,,,,,,,,,,,,,,,,,,,,,,,,,,,,,,,,,,,,,,,,,,,,,,,,,,,,,,,,,,
221,0,120,0,0,126.4302,-5.5988,Girder Web 04,19,29000,11500,70,10000000000,10000000000,10000000000,10000000000,,,,,,,,,,,,,,,,,,,,,,,,,,,,,,,,,,,,,,,,,,,,,,,,,,,,,,,,,,,,
222,0,133,0,0,134.3856,-1.2065,Girder Web 04,19,29000,11500,70,10000000000,10000000000,10000000000,10000000000,,,,,,,,,,,,,,,,,,,,,,,,,,,,,,,,,,,,,,,,,,,,,,,,,,,,,,,,,,,,
223,0,126.6093,-5.5644,0,133,0,Girder Web 04,19,29000,11500,70,10000000000,10000000000,10000000000,10000000000,,,,,,,,,,,,,,,,,,,,,,,,,,,,,,,,,,,,,,,,,,,,,,,,,,,,,,,,,,,,
224,0,126.5,-5.6596,0,126.6093,-5.5644,Girder Web 04,19,29000,11500,70,10000000000,10000000000,10000000000,10000000000,,,,,,,,,,,,,,,,,,,,,,,,,,,,,,,,,,,,,,,,,,,,,,,,,,,,,,,,,,,,
225,32.75,102,0,32.75,95.5698,-5.5988,Girder Web 04,19,29000,11500,70,10000000000,10000000000,10000000000,10000000000,,,,,,,,,,,,,,,,,,,,,,,,,,,,,,,,,,,,,,,,,,,,,,,,,,,,,,,,,,,,
226,32.75,69.5,-5.6596,32.75,63,0,Girder Web 04,19,29000,11500,70,10000000000,10000000000,10000000000,10000000000,,,,,,,,,,,,,,,,,,,,,,,,,,,,,,,,,,,,,,,,,,,,,,,,,,,,,,,,,,,,
227,32.75,76,0,32.75,69.5,-5.6596,Girder Web 04,19,29000,11500,70,10000000000,10000000000,10000000000,10000000000,,,,,,,,,,,,,,,,,,,,,,,,,,,,,,,,,,,,,,,,,,,,,,,,,,,,,,,,,,,,
228,32.75,82.5,-5.6596,32.75,76,0,Girder Web 04,19,29000,11500,70,10000000000,10000000000,10000000000,10000000000,,,,,,,,,,,,,,,,,,,,,,,,,,,,,,,,,,,,,,,,,,,,,,,,,,,,,,,,,,,,
229,32.75,95.3907,-5.5644,32.75,89,0,Girder Web 04,19,29000,11500,70,10000000000,10000000000,10000000000,10000000000,,,,,,,,,,,,,,,,,,,,,,,,,,,,,,,,,,,,,,,,,,,,,,,,,,,,,,,,,,,,
230,32.75,95.5,-5.6596,32.75,95.3907,-5.5644,Girder Web 04,19,29000,11500,70,10000000000,10000000000,10000000000,10000000000,,,,,,,,,,,,,,,,,,,,,,,,,,,,,,,,,,,,,,,,,,,,,,,,,,,,,,,,,,,,
231,32.75,95.5698,-5.5988,32.75,95.5,-5.6596,Girder Web 04,19,29000,11500,70,10000000000,10000000000,10000000000,10000000000,,,,,,,,,,,,,,,,,,,,,,,,,,,,,,,,,,,,,,,,,,,,,,,,,,,,,,,,,,,,
232,32.75,87.4846,-1.3195,32.75,82.5,-5.6596,Girder Web 04,19,29000,11500,70,10000000000,10000000000,10000000000,10000000000,,,,,,,,,,,,,,,,,,,,,,,,,,,,,,,,,,,,,,,,,,,,,,,,,,,,,,,,,,,,
233,32.75,87.6144,-1.2065,32.75,87.4846,-1.3195,Girder Web 04,19,29000,11500,70,10000000000,10000000000,10000000000,10000000000,,,,,,,,,,,,,,,,,,,,,,,,,,,,,,,,,,,,,,,,,,,,,,,,,,,,,,,,,,,,
234,32.75,89,0,32.75,87.6144,-1.2065,Girder Web 04,19,29000,11500,70,10000000000,10000000000,10000000000,10000000000,,,,,,,,,,,,,,,,,,,,,,,,,,,,,,,,,,,,,,,,,,,,,,,,,,,,,,,,,,,,
235,0,191.5,-5.6596,0,198,0,Girder Web 05,20,29000,11500,70,10000000000,10000000000,10000000000,10000000000,,,,,,,,,,,,,,,,,,,,,,,,,,,,,,,,,,,,,,,,,,,,,,,,,,,,,,,,,,,,
236,0,172,0,0,173.3081,-1.139,Girder Web 05,20,29000,11500,70,10000000000,10000000000,10000000000,10000000000,,,,,,,,,,,,,,,,,,,,,,,,,,,,,,,,,,,,,,,,,,,,,,,,,,,,,,,,,,,,
237,0,165.5,-5.6596,0,172,0,Girder Web 05,20,29000,11500,70,10000000000,10000000000,10000000000,10000000000,,,,,,,,,,,,,,,,,,,,,,,,,,,,,,,,,,,,,,,,,,,,,,,,,,,,,,,,,,,,
238,0,159,0,0,165.5,-5.6596,Girder Web 05,20,29000,11500,70,10000000000,10000000000,10000000000,10000000000,,,,,,,,,,,,,,,,,,,,,,,,,,,,,,,,,,,,,,,,,,,,,,,,,,,,,,,,,,,,
239,0,185,0,0,191.5,-5.6596,Girder Web 05,20,29000,11500,70,10000000000,10000000000,10000000000,10000000000,,,,,,,,,,,,,,,,,,,,,,,,,,,,,,,,,,,,,,,,,,,,,,,,,,,,,,,,,,,,
240,0,178.5,-5.6596,0,185,0,Girder Web 05,20,29000,11500,70,10000000000,10000000000,10000000000,10000000000,,,,,,,,,,,,,,,,,,,,,,,,,,,,,,,,,,,,,,,,,,,,,,,,,,,,,,,,,,,,
241,0,173.3081,-1.139,0,178.5,-5.6596,Girder Web 05,20,29000,11500,70,10000000000,10000000000,10000000000,10000000000,,,,,,,,,,,,,,,,,,,,,,,,,,,,,,,,,,,,,,,,,,,,,,,,,,,,,,,,,,,,
242,32.75,30.5,-5.6596,32.75,24,0,Girder Web 05,20,29000,11500,70,10000000000,10000000000,10000000000,10000000000,,,,,,,,,,,,,,,,,,,,,,,,,,,,,,,,,,,,,,,,,,,,,,,,,,,,,,,,,,,,
243,32.75,37,0,32.75,30.5,-5.6596,Girder Web 05,20,29000,11500,70,10000000000,10000000000,10000000000,10000000000,,,,,,,,,,,,,,,,,,,,,,,,,,,,,,,,,,,,,,,,,,,,,,,,,,,,,,,,,,,,
244,32.75,43.5,-5.6596,32.75,37,0,Girder Web 05,20,29000,11500,70,10000000000,10000000000,10000000000,10000000000,,,,,,,,,,,,,,,,,,,,,,,,,,,,,,,,,,,,,,,,,,,,,,,,,,,,,,,,,,,,
245,32.75,48.6919,-1.139,32.75,43.5,-5.6596,Girder Web 05,20,29000,11500,70,10000000000,10000000000,10000000000,10000000000,,,,,,,,,,,,,,,,,,,,,,,,,,,,,,,,,,,,,,,,,,,,,,,,,,,,,,,,,,,,
246,32.75,50,0,32.75,48.6919,-1.139,Girder Web 05,20,29000,11500,70,10000000000,10000000000,10000000000,10000000000,,,,,,,,,,,,,,,,,,,,,,,,,,,,,,,,,,,,,,,,,,,,,,,,,,,,,,,,,,,,
247,32.75,56.5,-5.6596,32.75,50,0,Girder Web 05,20,29000,11500,70,10000000000,10000000000,10000000000,10000000000,,,,,,,,,,,,,,,,,,,,,,,,,,,,,,,,,,,,,,,,,,,,,,,,,,,,,,,,,,,,
248,32.75,63,0,32.75,56.5,-5.6596,Girder Web 05,20,29000,11500,70,10000000000,10000000000,10000000000,10000000000,,,,,,,,,,,,,,,,,,,,,,,,,,,,,,,,,,,,,,,,,,,,,,,,,,,,,,,,,,,,
249,0,211,0,0,217.5,-5.6596,Girder Web 06,21,29000,11500,70,10000000000,10000000000,10000000000,10000000000,,,,,,,,,,,,,,,,,,,,,,,,,,,,,,,,,,,,,,,,,,,,,,,,,,,,,,,,,,,,
250,0,204.5,-5.6596,0,211,0,Girder Web 06,21,29000,11500,70,10000000000,10000000000,10000000000,10000000000,,,,,,,,,,,,,,,,,,,,,,,,,,,,,,,,,,,,,,,,,,,,,,,,,,,,,,,,,,,,
251,0,198,0,0,204.5,-5.6596,Girder Web 06,21,29000,11500,70,10000000000,10000000000,10000000000,10000000000,,,,,,,,,,,,,,,,,,,,,,,,,,,,,,,,,,,,,,,,,,,,,,,,,,,,,,,,,,,,
252,0,230.5,-5.6596,0,234.2585,-2.4182,Girder Web 06,21,29000,11500,70,10000000000,10000000000,10000000000,10000000000,,,,,,,,,,,,,,,,,,,,,,,,,,,,,,,,,,,,,,,,,,,,,,,,,,,,,,,,,,,,
253,0,224,0,0,230.5,-5.6596,Girder Web 06,21,29000,11500,70,10000000000,10000000000,10000000000,10000000000,,,,,,,,,,,,,,,,,,,,,,,,,,,,,,,,,,,,,,,,,,,,,,,,,,,,,,,,,,,,
254,0,217.5,-5.6596,0,224,0,Girder Web 06,21,29000,11500,70,10000000000,10000000000,10000000000,10000000000,,,,,,,,,,,,,,,,,,,,,,,,,,,,,,,,,,,,,,,,,,,,,,,,,,,,,,,,,,,,
255,0,234.2585,-2.4182,0,237.0624,0,Girder Web 06,21,29000,11500,70,10000000000,10000000000,10000000000,10000000000,,,,,,,,,,,,,,,,,,,,,,,,,,,,,,,,,,,,,,,,,,,,,,,,,,,,,,,,,,,,
256,32.75,24,0,32.75,17.5,-5.6596,Girder Web 06,21,29000,11500,70,10000000000,10000000000,10000000000,10000000000,,,,,,,,,,,,,,,,,,,,,,,,,,,,,,,,,,,,,,,,,,,,,,,,,,,,,,,,,,,,
257,32.75,4.5,-5.6596,32.75,-2,0,Girder Web 06,21,29000,11500,70,10000000000,10000000000,10000000000,10000000000,,,,,,,,,,,,,,,,,,,,,,,,,,,,,,,,,,,,,,,,,,,,,,,,,,,,,,,,,,,,
258,32.75,11,0,32.75,4.5,-5.6596,Girder Web 06,21,29000,11500,70,10000000000,10000000000,10000000000,10000000000,,,,,,,,,,,,,,,,,,,,,,,,,,,,,,,,,,,,,,,,,,,,,,,,,,,,,,,,,,,,
259,32.75,17.5,-5.6596,32.75,11,0,Girder Web 06,21,29000,11500,70,10000000000,10000000000,10000000000,10000000000,,,,,,,,,,,,,,,,,,,,,,,,,,,,,,,,,,,,,,,,,,,,,,,,,,,,,,,,,,,,
260,32.75,-12.2585,-2.4182,32.75,-15.0624,0,Girder Web 06,21,29000,11500,70,10000000000,10000000000,10000000000,10000000000,,,,,,,,,,,,,,,,,,,,,,,,,,,,,,,,,,,,,,,,,,,,,,,,,,,,,,,,,,,,
261,32.75,-8.5,-5.6596,32.75,-12.2585,-2.4182,Girder Web 06,21,29000,11500,70,10000000000,10000000000,10000000000,10000000000,,,,,,,,,,,,,,,,,,,,,,,,,,,,,,,,,,,,,,,,,,,,,,,,,,,,,,,,,,,,
262,32.75,-2,0,32.75,-8.5,-5.6596,Girder Web 06,21,29000,11500,70,10000000000,10000000000,10000000000,10000000000,,,,,,,,,,,,,,,,,,,,,,,,,,,,,,,,,,,,,,,,,,,,,,,,,,,,,,,,,,,,
263,-6.375,64.1674,-1.125,0,63.0023,-5.6596,Kicker 01,22,29000,11500,70,10000000000,10000000000,10000000000,10000000000,,,,,,,,,,,,,,,,,,,,,,,,,,,,,,,,,,,,,,,,,,,,,,,,,,,,,,,,,,,,
264,39.125,157.8326,-1.125,32.75,158.9977,-5.6596,Kicker 01,22,29000,11500,70,10000000000,10000000000,10000000000,10000000000,,,,,,,,,,,,,,,,,,,,,,,,,,,,,,,,,,,,,,,,,,,,,,,,,,,,,,,,,,,,
265,32.75,49.4948,-5.6596,39.125,46.1674,-1.125,Kicker 02,23,29000,11500,70,10000000000,10000000000,10000000000,10000000000,,,,,,,,,,,,,,,,,,,,,,,,,,,,,,,,,,,,,,,,,,,,,,,,,,,,,,,,,,,,
266,0,172.5052,-5.6596,-6.375,175.8326,-1.125,Kicker 02,23,29000,11500,70,10000000000,10000000000,10000000000,10000000000,,,,,,,,,,,,,,,,,,,,,,,,,,,,,,,,,,,,,,,,,,,,,,,,,,,,,,,,,,,,
267,-6.375,103,-1.125,0,104.9041,-4.6521,Kicker 03,24,29000,11500,70,10000000000,10000000000,10000000000,10000000000,,,,,,,,,,,,,,,,,,,,,,,,,,,,,,,,,,,,,,,,,,,,,,,,,,,,,,,,,,,,
268,39.125,119,-1.125,32.75,117.0959,-4.6521,Kicker 03,24,29000,11500,70,10000000000,10000000000,10000000000,10000000000,,,,,,,,,,,,,,,,,,,,,,,,,,,,,,,,,,,,,,,,,,,,,,,,,,,,,,,,,,,,
269,39.125,85,-1.125,32.75,91.767,-4.8682,Kicker 04,25,29000,11500,70,10000000000,10000000000,10000000000,10000000000,,,,,,,,,,,,,,,,,,,,,,,,,,,,,,,,,,,,,,,,,,,,,,,,,,,,,,,,,,,,
270,-6.375,137,-1.125,0,130.233,-4.8682,Kicker 04,25,29000,11500,70,10000000000,10000000000,10000000000,10000000000,,,,,,,,,,,,,,,,,,,,,,,,,,,,,,,,,,,,,,,,,,,,,,,,,,,,,,,,,,,,
271,32.75,214.9258,-1.125,27.1756,217.9244,-1.125,Lateral 01,26,29000,11500,70,10000000000,10000000000,10000000000,10000000000,,,,,,,,,,,,,,,,,,,,,,,,,,,,,,,,,,,,,,,,,,,,,,,,,,,,,,,,,,,,
272,10.6916,226.7912,-1.125,2.4496,231.2246,-1.125,Lateral 01,26,29000,11500,70,10000000000,10000000000,10000000000,10000000000,,,,,,,,,,,,,,,,,,,,,,,,,,,,,,,,,,,,,,,,,,,,,,,,,,,,,,,,,,,,
273,18.9336,222.3578,-1.125,10.6916,226.7912,-1.125,Lateral 01,26,29000,11500,70,10000000000,10000000000,10000000000,10000000000,,,,,,,,,,,,,,,,,,,,,,,,,,,,,,,,,,,,,,,,,,,,,,,,,,,,,,,,,,,,
274,27.1756,217.9244,-1.125,18.9336,222.3578,-1.125,Lateral 01,26,29000,11500,70,10000000000,10000000000,10000000000,10000000000,,,,,,,,,,,,,,,,,,,,,,,,,,,,,,,,,,,,,,,,,,,,,,,,,,,,,,,,,,,,
275,2.4496,231.2246,-1.125,0,232.5422,-1.125,Lateral 01,26,29000,11500,70,10000000000,10000000000,10000000000,10000000000,,,,,,,,,,,,,,,,,,,,,,,,,,,,,,,,,,,,,,,,,,,,,,,,,,,,,,,,,,,,
276,30.3004,-9.2246,-1.125,32.75,-10.5422,-1.125,Lateral 01,26,29000,11500,70,10000000000,10000000000,10000000000,10000000000,,,,,,,,,,,,,,,,,,,,,,,,,,,,,,,,,,,,,,,,,,,,,,,,,,,,,,,,,,,,
277,22.0584,-4.7912,-1.125,30.3004,-9.2246,-1.125,Lateral 01,26,29000,11500,70,10000000000,10000000000,10000000000,10000000000,,,,,,,,,,,,,,,,,,,,,,,,,,,,,,,,,,,,,,,,,,,,,,,,,,,,,,,,,,,,
278,13.8164,-0.3578,-1.125,22.0584,-4.7912,-1.125,Lateral 01,26,29000,11500,70,10000000000,10000000000,10000000000,10000000000,,,,,,,,,,,,,,,,,,,,,,,,,,,,,,,,,,,,,,,,,,,,,,,,,,,,,,,,,,,,
279,5.5744,4.0756,-1.125,13.8164,-0.3578,-1.125,Lateral 01,26,29000,11500,70,10000000000,10000000000,10000000000,10000000000,,,,,,,,,,,,,,,,,,,,,,,,,,,,,,,,,,,,,,,,,,,,,,,,,,,,,,,,,,,,
280,0,7.0742,-1.125,5.5744,4.0756,-1.125,Lateral 01,26,29000,11500,70,10000000000,10000000000,10000000000,10000000000,,,,,,,,,,,,,,,,,,,,,,,,,,,,,,,,,,,,,,,,,,,,,,,,,,,,,,,,,,,,
281,28.6562,50.3089,-1.125,32.75,48.6894,-1.125,Lateral 02,27,29000,11500,70,10000000000,10000000000,10000000000,10000000000,,,,,,,,,,,,,,,,,,,,,,,,,,,,,,,,,,,,,,,,,,,,,,,,,,,,,,,,,,,,
282,4.0937,60.0259,-1.125,28.6562,50.3089,-1.125,Lateral 02,27,29000,11500,70,10000000000,10000000000,10000000000,10000000000,,,,,,,,,,,,,,,,,,,,,,,,,,,,,,,,,,,,,,,,,,,,,,,,,,,,,,,,,,,,
283,0,61.6454,-1.125,4.0937,60.0259,-1.125,Lateral 02,27,29000,11500,70,10000000000,10000000000,10000000000,10000000000,,,,,,,,,,,,,,,,,,,,,,,,,,,,,,,,,,,,,,,,,,,,,,,,,,,,,,,,,,,,
284,4.0937,171.6911,-1.125,0,173.3106,-1.125,Lateral 02,27,29000,11500,70,10000000000,10000000000,10000000000,10000000000,,,,,,,,,,,,,,,,,,,,,,,,,,,,,,,,,,,,,,,,,,,,,,,,,,,,,,,,,,,,
285,28.6562,161.9741,-1.125,4.0937,171.6911,-1.125,Lateral 02,27,29000,11500,70,10000000000,10000000000,10000000000,10000000000,,,,,,,,,,,,,,,,,,,,,,,,,,,,,,,,,,,,,,,,,,,,,,,,,,,,,,,,,,,,
286,32.75,160.3546,-1.125,28.6562,161.9741,-1.125,Lateral 02,27,29000,11500,70,10000000000,10000000000,10000000000,10000000000,,,,,,,,,,,,,,,,,,,,,,,,,,,,,,,,,,,,,,,,,,,,,,,,,,,,,,,,,,,,
287,28.6562,89.1415,-1.125,32.75,87.522,-1.125,Lateral 03,28,29000,11500,70,10000000000,10000000000,10000000000,10000000000,,,,,,,,,,,,,,,,,,,,,,,,,,,,,,,,,,,,,,,,,,,,,,,,,,,,,,,,,,,,
288,4.0937,98.8585,-1.125,28.6562,89.1415,-1.125,Lateral 03,28,29000,11500,70,10000000000,10000000000,10000000000,10000000000,,,,,,,,,,,,,,,,,,,,,,,,,,,,,,,,,,,,,,,,,,,,,,,,,,,,,,,,,,,,
289,0,100.478,-1.125,4.0937,98.8585,-1.125,Lateral 03,28,29000,11500,70,10000000000,10000000000,10000000000,10000000000,,,,,,,,,,,,,,,,,,,,,,,,,,,,,,,,,,,,,,,,,,,,,,,,,,,,,,,,,,,,
290,4.0937,132.8585,-1.125,0,134.478,-1.125,Lateral 03,28,29000,11500,70,10000000000,10000000000,10000000000,10000000000,,,,,,,,,,,,,,,,,,,,,,,,,,,,,,,,,,,,,,,,,,,,,,,,,,,,,,,,,,,,
291,28.6562,123.1415,-1.125,4.0937,132.8585,-1.125,Lateral 03,28,29000,11500,70,10000000000,10000000000,10000000000,10000000000,,,,,,,,,,,,,,,,,,,,,,,,,,,,,,,,,,,,,,,,,,,,,,,,,,,,,,,,,,,,
292,32.75,121.522,-1.125,28.6562,123.1415,-1.125,Lateral 03,28,29000,11500,70,10000000000,10000000000,10000000000,10000000000,,,,,,,,,,,,,,,,,,,,,,,,,,,,,,,,,,,,,,,,,,,,,,,,,,,,,,,,,,,,
293,32.75,218.9237,0,0,198,0,Lateral 04,29,29000,11500,70,10000000000,10000000000,10000000000,10000000000,,,,,,,,,,,,,,,,,,,,,,,,,,,,,,,,,,,,,,,,,,,,,,,,,,,,,,,,,,,,
294,0,3.0763,0,32.75,24,0,Lateral 04,29,29000,11500,70,10000000000,10000000000,10000000000,10000000000,,,,,,,,,,,,,,,,,,,,,,,,,,,,,,,,,,,,,,,,,,,,,,,,,,,,,,,,,,,,
295,0,3.0763,-5.131,8.1875,-1.4584,-4.981,Lateral Bot 01,30,29000,11500,70,10000000000,10000000000,10000000000,10000000000,,,,,,,,,,,,,,,,,,,,,,,,,,,,,,,,,,,,,,,,,,,,,,,,,,,,,,,,,,,,
296,24.5625,-10.5277,-4.6808,32.75,-15.0624,-4.5308,Lateral Bot 01,30,29000,11500,70,10000000000,10000000000,10000000000,10000000000,,,,,,,,,,,,,,,,,,,,,,,,,,,,,,,,,,,,,,,,,,,,,,,,,,,,,,,,,,,,
297,16.375,-5.9931,-4.8309,24.5625,-10.5277,-4.6808,Lateral Bot 01,30,29000,11500,70,10000000000,10000000000,10000000000,10000000000,,,,,,,,,,,,,,,,,,,,,,,,,,,,,,,,,,,,,,,,,,,,,,,,,,,,,,,,,,,,
298,8.1875,-1.4584,-4.981,16.375,-5.9931,-4.8309,Lateral Bot 01,30,29000,11500,70,10000000000,10000000000,10000000000,10000000000,,,,,,,,,,,,,,,,,,,,,,,,,,,,,,,,,,,,,,,,,,,,,,,,,,,,,,,,,,,,
299,32.75,218.9237,-5.131,24.5625,223.4584,-4.981,Lateral Bot 01,30,29000,11500,70,10000000000,10000000000,10000000000,10000000000,,,,,,,,,,,,,,,,,,,,,,,,,,,,,,,,,,,,,,,,,,,,,,,,,,,,,,,,,,,,
300,8.1875,232.5278,-4.6808,0,237.0624,-4.5308,Lateral Bot 01,30,29000,11500,70,10000000000,10000000000,10000000000,10000000000,,,,,,,,,,,,,,,,,,,,,,,,,,,,,,,,,,,,,,,,,,,,,,,,,,,,,,,,,,,,
301,16.375,227.9931,-4.8309,8.1875,232.5278,-4.6808,Lateral Bot 01,30,29000,11500,70,10000000000,10000000000,10000000000,10000000000,,,,,,,,,,,,,,,,,,,,,,,,,,,,,,,,,,,,,,,,,,,,,,,,,,,,,,,,,,,,
302,24.5625,223.4584,-4.981,16.375,227.9931,-4.8309,Lateral Bot 01,30,29000,11500,70,10000000000,10000000000,10000000000,10000000000,,,,,,,,,,,,,,,,,,,,,,,,,,,,,,,,,,,,,,,,,,,,,,,,,,,,,,,,,,,,
303,0,63.0023,-5.6596,32.75,49.4948,-5.6596,Lateral Bot 02,31,29000,11500,70,10000000000,10000000000,10000000000,10000000000,,,,,,,,,,,,,,,,,,,,,,,,,,,,,,,,,,,,,,,,,,,,,,,,,,,,,,,,,,,,
304,32.75,158.9977,-5.6596,0,172.5052,-5.6596,Lateral Bot 02,31,29000,11500,70,10000000000,10000000000,10000000000,10000000000,,,,,,,,,,,,,,,,,,,,,,,,,,,,,,,,,,,,,,,,,,,,,,,,,,,,,,,,,,,,
305,32.75,91.767,-4.8682,0,104.9041,-4.6521,Lateral Bot 03,32,29000,11500,70,10000000000,10000000000,10000000000,10000000000,,,,,,,,,,,,,,,,,,,,,,,,,,,,,,,,,,,,,,,,,,,,,,,,,,,,,,,,,,,,
306,0,130.233,-4.8682,32.75,117.0959,-4.6521,Lateral Bot 03,32,29000,11500,70,10000000000,10000000000,10000000000,10000000000,,,,,,,,,,,,,,,,,,,,,,,,,,,,,,,,,,,,,,,,,,,,,,,,,,,,,,,,,,,,
307,0,237.0624,-4.5308,2.4496,231.2246,-1.125,Lateral Web 01,33,29000,11500,70,10000000000,10000000000,10000000000,10000000000,,,,,,,,,,,,,,,,,,,,,,,,,,,,,,,,,,,,,,,,,,,,,,,,,,,,,,,,,,,,
308,10.6916,226.7912,-1.125,16.375,227.9931,-4.8309,Lateral Web 01,33,29000,11500,70,10000000000,10000000000,10000000000,10000000000,,,,,,,,,,,,,,,,,,,,,,,,,,,,,,,,,,,,,,,,,,,,,,,,,,,,,,,,,,,,
309,8.1875,232.5278,-4.6808,10.6916,226.7912,-1.125,Lateral Web 01,33,29000,11500,70,10000000000,10000000000,10000000000,10000000000,,,,,,,,,,,,,,,,,,,,,,,,,,,,,,,,,,,,,,,,,,,,,,,,,,,,,,,,,,,,
310,27.1756,217.9244,-1.125,32.75,218.9237,-5.131,Lateral Web 01,33,29000,11500,70,10000000000,10000000000,10000000000,10000000000,,,,,,,,,,,,,,,,,,,,,,,,,,,,,,,,,,,,,,,,,,,,,,,,,,,,,,,,,,,,
311,24.5625,223.4584,-4.981,27.1756,217.9244,-1.125,Lateral Web 01,33,29000,11500,70,10000000000,10000000000,10000000000,10000000000,,,,,,,,,,,,,,,,,,,,,,,,,,,,,,,,,,,,,,,,,,,,,,,,,,,,,,,,,,,,
312,2.4496,231.2246,-1.125,8.1875,232.5278,-4.6808,Lateral Web 01,33,29000,11500,70,10000000000,10000000000,10000000000,10000000000,,,,,,,,,,,,,,,,,,,,,,,,,,,,,,,,,,,,,,,,,,,,,,,,,,,,,,,,,,,,
313,18.9336,222.3578,-1.125,24.5625,223.4584,-4.981,Lateral Web 01,33,29000,11500,70,10000000000,10000000000,10000000000,10000000000,,,,,,,,,,,,,,,,,,,,,,,,,,,,,,,,,,,,,,,,,,,,,,,,,,,,,,,,,,,,
314,16.375,227.9931,-4.8309,18.9336,222.3578,-1.125,Lateral Web 01,33,29000,11500,70,10000000000,10000000000,10000000000,10000000000,,,,,,,,,,,,,,,,,,,,,,,,,,,,,,,,,,,,,,,,,,,,,,,,,,,,,,,,,,,,
315,24.5625,-10.5277,-4.6808,22.0584,-4.7912,-1.125,Lateral Web 01,33,29000,11500,70,10000000000,10000000000,10000000000,10000000000,,,,,,,,,,,,,,,,,,,,,,,,,,,,,,,,,,,,,,,,,,,,,,,,,,,,,,,,,,,,
316,13.8164,-0.3578,-1.125,8.1875,-1.4584,-4.981,Lateral Web 01,33,29000,11500,70,10000000000,10000000000,10000000000,10000000000,,,,,,,,,,,,,,,,,,,,,,,,,,,,,,,,,,,,,,,,,,,,,,,,,,,,,,,,,,,,
317,16.375,-5.9931,-4.8309,13.8164,-0.3578,-1.125,Lateral Web 01,33,29000,11500,70,10000000000,10000000000,10000000000,10000000000,,,,,,,,,,,,,,,,,,,,,,,,,,,,,,,,,,,,,,,,,,,,,,,,,,,,,,,,,,,,
318,30.3004,-9.2246,-1.125,24.5625,-10.5277,-4.6808,Lateral Web 01,33,29000,11500,70,10000000000,10000000000,10000000000,10000000000,,,,,,,,,,,,,,,,,,,,,,,,,,,,,,,,,,,,,,,,,,,,,,,,,,,,,,,,,,,,
319,32.75,-15.0624,-4.5308,30.3004,-9.2246,-1.125,Lateral Web 01,33,29000,11500,70,10000000000,10000000000,10000000000,10000000000,,,,,,,,,,,,,,,,,,,,,,,,,,,,,,,,,,,,,,,,,,,,,,,,,,,,,,,,,,,,
320,22.0584,-4.7912,-1.125,16.375,-5.9931,-4.8309,Lateral Web 01,33,29000,11500,70,10000000000,10000000000,10000000000,10000000000,,,,,,,,,,,,,,,,,,,,,,,,,,,,,,,,,,,,,,,,,,,,,,,,,,,,,,,,,,,,
321,5.5744,4.0756,-1.125,0,3.0763,-5.131,Lateral Web 01,33,29000,11500,70,10000000000,10000000000,10000000000,10000000000,,,,,,,,,,,,,,,,,,,,,,,,,,,,,,,,,,,,,,,,,,,,,,,,,,,,,,,,,,,,
322,8.1875,-1.4584,-4.981,5.5744,4.0756,-1.125,Lateral Web 01,33,29000,11500,70,10000000000,10000000000,10000000000,10000000000,,,,,,,,,,,,,,,,,,,,,,,,,,,,,,,,,,,,,,,,,,,,,,,,,,,,,,,,,,,,
323,0,63.0023,-5.6596,4.0937,60.0259,-1.125,Lateral Web 02,34,29000,11500,70,10000000000,10000000000,10000000000,10000000000,,,,,,,,,,,,,,,,,,,,,,,,,,,,,,,,,,,,,,,,,,,,,,,,,,,,,,,,,,,,
324,32.75,49.4948,-5.6596,28.6562,50.3089,-1.125,Lateral Web 02,34,29000,11500,70,10000000000,10000000000,10000000000,10000000000,,,,,,,,,,,,,,,,,,,,,,,,,,,,,,,,,,,,,,,,,,,,,,,,,,,,,,,,,,,,
325,32.75,158.9977,-5.6596,28.6562,161.9741,-1.125,Lateral Web 02,34,29000,11500,70,10000000000,10000000000,10000000000,10000000000,,,,,,,,,,,,,,,,,,,,,,,,,,,,,,,,,,,,,,,,,,,,,,,,,,,,,,,,,,,,
326,0,172.5052,-5.6596,4.0937,171.6911,-1.125,Lateral Web 02,34,29000,11500,70,10000000000,10000000000,10000000000,10000000000,,,,,,,,,,,,,,,,,,,,,,,,,,,,,,,,,,,,,,,,,,,,,,,,,,,,,,,,,,,,
327,32.75,91.767,-4.8682,28.6562,89.1415,-1.125,Lateral Web 03,35,29000,11500,70,10000000000,10000000000,10000000000,10000000000,,,,,,,,,,,,,,,,,,,,,,,,,,,,,,,,,,,,,,,,,,,,,,,,,,,,,,,,,,,,
328,0,130.233,-4.8682,4.0937,132.8585,-1.125,Lateral Web 03,35,29000,11500,70,10000000000,10000000000,10000000000,10000000000,,,,,,,,,,,,,,,,,,,,,,,,,,,,,,,,,,,,,,,,,,,,,,,,,,,,,,,,,,,,
329,32.75,117.0959,-4.6521,28.6562,123.1415,-1.125,Lateral Web 03,35,29000,11500,70,10000000000,10000000000,10000000000,10000000000,,,,,,,,,,,,,,,,,,,,,,,,,,,,,,,,,,,,,,,,,,,,,,,,,,,,,,,,,,,,
330,0,104.9041,-4.6521,4.0937,98.8585,-1.125,Lateral Web 03,35,29000,11500,70,10000000000,10000000000,10000000000,10000000000,,,,,,,,,,,,,,,,,,,,,,,,,,,,,,,,,,,,,,,,,,,,,,,,,,,,,,,,,,,,
331,32.75,216.1989,-2.4007,32.75,218.9237,-5.131,Mid Kicker 03,36,29000,11500,70,10000000000,10000000000,10000000000,10000000000,,,,,,,,,,,,,,,,,,,,,,,,,,,,,,,,,,,,,,,,,,,,,,,,,,,,,,,,,,,,
332,32.75,214.9258,-1.125,32.75,216.1989,-2.4007,Mid Kicker 03,36,29000,11500,70,10000000000,10000000000,10000000000,10000000000,,,,,,,,,,,,,,,,,,,,,,,,,,,,,,,,,,,,,,,,,,,,,,,,,,,,,,,,,,,,
333,0,5.8011,-2.4007,0,3.0763,-5.131,Mid Kicker 03,36,29000,11500,70,10000000000,10000000000,10000000000,10000000000,,,,,,,,,,,,,,,,,,,,,,,,,,,,,,,,,,,,,,,,,,,,,,,,,,,,,,,,,,,,
334,0,7.0742,-1.125,0,5.8011,-2.4007,Mid Kicker 03,36,29000,11500,70,10000000000,10000000000,10000000000,10000000000,,,,,,,,,,,,,,,,,,,,,,,,,,,,,,,,,,,,,,,,,,,,,,,,,,,,,,,,,,,,
335,0,104.9041,-4.6521,0,106.1684,-5.6596,Mid Kicker 03,36,29000,11500,70,10000000000,10000000000,10000000000,10000000000,,,,,,,,,,,,,,,,,,,,,,,,,,,,,,,,,,,,,,,,,,,,,,,,,,,,,,,,,,,,
336,0,103.2087,-3.3011,0,104.9041,-4.6521,Mid Kicker 03,36,29000,11500,70,10000000000,10000000000,10000000000,10000000000,,,,,,,,,,,,,,,,,,,,,,,,,,,,,,,,,,,,,,,,,,,,,,,,,,,,,,,,,,,,
337,0,100.478,-1.125,0,103.2087,-3.3011,Mid Kicker 03,36,29000,11500,70,10000000000,10000000000,10000000000,10000000000,,,,,,,,,,,,,,,,,,,,,,,,,,,,,,,,,,,,,,,,,,,,,,,,,,,,,,,,,,,,
338,0,134.3856,-1.2065,0,130.233,-4.8682,Mid Kicker 04,37,29000,11500,70,10000000000,10000000000,10000000000,10000000000,,,,,,,,,,,,,,,,,,,,,,,,,,,,,,,,,,,,,,,,,,,,,,,,,,,,,,,,,,,,
339,0,134.478,-1.125,0,134.3856,-1.2065,Mid Kicker 04,37,29000,11500,70,10000000000,10000000000,10000000000,10000000000,,,,,,,,,,,,,,,,,,,,,,,,,,,,,,,,,,,,,,,,,,,,,,,,,,,,,,,,,,,,
340,0,130.233,-4.8682,0,129.3355,-5.6596,Mid Kicker 04,37,29000,11500,70,10000000000,10000000000,10000000000,10000000000,,,,,,,,,,,,,,,,,,,,,,,,,,,,,,,,,,,,,,,,,,,,,,,,,,,,,,,,,,,,
341,32.75,91.767,-4.8682,32.75,92.6645,-5.6596,Mid Kicker 04,37,29000,11500,70,10000000000,10000000000,10000000000,10000000000,,,,,,,,,,,,,,,,,,,,,,,,,,,,,,,,,,,,,,,,,,,,,,,,,,,,,,,,,,,,
342,32.75,87.6144,-1.2065,32.75,91.767,-4.8682,Mid Kicker 04,37,29000,11500,70,10000000000,10000000000,10000000000,10000000000,,,,,,,,,,,,,,,,,,,,,,,,,,,,,,,,,,,,,,,,,,,,,,,,,,,,,,,,,,,,
343,32.75,87.522,-1.125,32.75,87.6144,-1.2065,Mid Kicker 04,37,29000,11500,70,10000000000,10000000000,10000000000,10000000000,,,,,,,,,,,,,,,,,,,,,,,,,,,,,,,,,,,,,,,,,,,,,,,,,,,,,,,,,,,,
344,0,102.1094,-4.2583,0,100.0768,-3.9719,Mid Stiffener 03,38,29000,11500,70,10000000000,10000000000,10000000000,10000000000,,,,,,,,,,,,,,,,,,,,,,,,,,,,,,,,,,,,,,,,,,,,,,,,,,,,,,,,,,,,
345,0,104.9041,-4.6521,0,102.1094,-4.2583,Mid Stiffener 03,38,29000,11500,70,10000000000,10000000000,10000000000,10000000000,,,,,,,,,,,,,,,,,,,,,,,,,,,,,,,,,,,,,,,,,,,,,,,,,,,,,,,,,,,,
346,0,112.0535,-5.6596,0,104.9041,-4.6521,Mid Stiffener 03,38,29000,11500,70,10000000000,10000000000,10000000000,10000000000,,,,,,,,,,,,,,,,,,,,,,,,,,,,,,,,,,,,,,,,,,,,,,,,,,,,,,,,,,,,
347,32.75,119.8906,-4.2583,32.75,121.9232,-3.9719,Mid Stiffener 03,38,29000,11500,70,10000000000,10000000000,10000000000,10000000000,,,,,,,,,,,,,,,,,,,,,,,,,,,,,,,,,,,,,,,,,,,,,,,,,,,,,,,,,,,,
348,32.75,117.0959,-4.6521,32.75,119.8906,-4.2583,Mid Stiffener 03,38,29000,11500,70,10000000000,10000000000,10000000000,10000000000,,,,,,,,,,,,,,,,,,,,,,,,,,,,,,,,,,,,,,,,,,,,,,,,,,,,,,,,,,,,
349,32.75,109.9465,-5.6596,32.75,117.0959,-4.6521,Mid Stiffener 03,38,29000,11500,70,10000000000,10000000000,10000000000,10000000000,,,,,,,,,,,,,,,,,,,,,,,,,,,,,,,,,,,,,,,,,,,,,,,,,,,,,,,,,,,,
350,0,126.4302,-5.5988,0,126.1139,-5.6596,Mid Stiffener 04,39,29000,11500,70,10000000000,10000000000,10000000000,10000000000,,,,,,,,,,,,,,,,,,,,,,,,,,,,,,,,,,,,,,,,,,,,,,,,,,,,,,,,,,,,
351,0,126.6093,-5.5644,0,126.4302,-5.5988,Mid Stiffener 04,39,29000,11500,70,10000000000,10000000000,10000000000,10000000000,,,,,,,,,,,,,,,,,,,,,,,,,,,,,,,,,,,,,,,,,,,,,,,,,,,,,,,,,,,,
352,0,134.5154,-1.3195,0,135.0205,-3.9484,Mid Stiffener 04,39,29000,11500,70,10000000000,10000000000,10000000000,10000000000,,,,,,,,,,,,,,,,,,,,,,,,,,,,,,,,,,,,,,,,,,,,,,,,,,,,,,,,,,,,
353,0,134.478,-1.125,0,134.5154,-1.3195,Mid Stiffener 04,39,29000,11500,70,10000000000,10000000000,10000000000,10000000000,,,,,,,,,,,,,,,,,,,,,,,,,,,,,,,,,,,,,,,,,,,,,,,,,,,,,,,,,,,,
354,0,130.233,-4.8682,0,126.6093,-5.5644,Mid Stiffener 04,39,29000,11500,70,10000000000,10000000000,10000000000,10000000000,,,,,,,,,,,,,,,,,,,,,,,,,,,,,,,,,,,,,,,,,,,,,,,,,,,,,,,,,,,,
355,0,135.0205,-3.9484,0,130.233,-4.8682,Mid Stiffener 04,39,29000,11500,70,10000000000,10000000000,10000000000,10000000000,,,,,,,,,,,,,,,,,,,,,,,,,,,,,,,,,,,,,,,,,,,,,,,,,,,,,,,,,,,,
356,0,135.0205,-3.9484,0,135.3493,-5.6596,Mid Stiffener 04,39,29000,11500,70,10000000000,10000000000,10000000000,10000000000,,,,,,,,,,,,,,,,,,,,,,,,,,,,,,,,,,,,,,,,,,,,,,,,,,,,,,,,,,,,
357,32.75,95.5698,-5.5988,32.75,95.8861,-5.6596,Mid Stiffener 04,39,29000,11500,70,10000000000,10000000000,10000000000,10000000000,,,,,,,,,,,,,,,,,,,,,,,,,,,,,,,,,,,,,,,,,,,,,,,,,,,,,,,,,,,,
358,32.75,86.9795,-3.9484,32.75,86.6507,-5.6596,Mid Stiffener 04,39,29000,11500,70,10000000000,10000000000,10000000000,10000000000,,,,,,,,,,,,,,,,,,,,,,,,,,,,,,,,,,,,,,,,,,,,,,,,,,,,,,,,,,,,
359,32.75,87.4846,-1.3195,32.75,86.9795,-3.9484,Mid Stiffener 04,39,29000,11500,70,10000000000,10000000000,10000000000,10000000000,,,,,,,,,,,,,,,,,,,,,,,,,,,,,,,,,,,,,,,,,,,,,,,,,,,,,,,,,,,,
360,32.75,87.522,-1.125,32.75,87.4846,-1.3195,Mid Stiffener 04,39,29000,11500,70,10000000000,10000000000,10000000000,10000000000,,,,,,,,,,,,,,,,,,,,,,,,,,,,,,,,,,,,,,,,,,,,,,,,,,,,,,,,,,,,
361,32.75,95.3907,-5.5644,32.75,95.5698,-5.5988,Mid Stiffener 04,39,29000,11500,70,10000000000,10000000000,10000000000,10000000000,,,,,,,,,,,,,,,,,,,,,,,,,,,,,,,,,,,,,,,,,,,,,,,,,,,,,,,,,,,,
362,32.75,91.767,-4.8682,32.75,95.3907,-5.5644,Mid Stiffener 04,39,29000,11500,70,10000000000,10000000000,10000000000,10000000000,,,,,,,,,,,,,,,,,,,,,,,,,,,,,,,,,,,,,,,,,,,,,,,,,,,,,,,,,,,,
363,32.75,86.9795,-3.9484,32.75,91.767,-4.8682,Mid Stiffener 04,39,29000,11500,70,10000000000,10000000000,10000000000,10000000000,,,,,,,,,,,,,,,,,,,,,,,,,,,,,,,,,,,,,,,,,,,,,,,,,,,,,,,,,,,,
364,0,100.0768,-3.9719,0,99.9112,-5.147,Mid Support 03,40,29000,11500,70,10000000000,10000000000,10000000000,10000000000,,,,,,,,,,,,,,,,,,,,,,,,,,,,,,,,,,,,,,,,,,,,,,,,,,,,,,,,,,,,
365,0,100.478,-1.125,0,100.0768,-3.9719,Mid Support 03,40,29000,11500,70,10000000000,10000000000,10000000000,10000000000,,,,,,,,,,,,,,,,,,,,,,,,,,,,,,,,,,,,,,,,,,,,,,,,,,,,,,,,,,,,
366,0,99.9112,-5.147,0,99.839,-5.6596,Mid Support 03,40,29000,11500,70,10000000000,10000000000,10000000000,10000000000,,,,,,,,,,,,,,,,,,,,,,,,,,,,,,,,,,,,,,,,,,,,,,,,,,,,,,,,,,,,
367,32.75,122.0888,-5.147,32.75,122.161,-5.6596,Mid Support 03,40,29000,11500,70,10000000000,10000000000,10000000000,10000000000,,,,,,,,,,,,,,,,,,,,,,,,,,,,,,,,,,,,,,,,,,,,,,,,,,,,,,,,,,,,
368,32.75,121.9232,-3.9719,32.75,122.0888,-5.147,Mid Support 03,40,29000,11500,70,10000000000,10000000000,10000000000,10000000000,,,,,,,,,,,,,,,,,,,,,,,,,,,,,,,,,,,,,,,,,,,,,,,,,,,,,,,,,,,,
369,32.75,121.522,-1.125,32.75,121.9232,-3.9719,Mid Support 03,40,29000,11500,70,10000000000,10000000000,10000000000,10000000000,,,,,,,,,,,,,,,,,,,,,,,,,,,,,,,,,,,,,,,,,,,,,,,,,,,,,,,,,,,,
370,0,7.0742,-1.125,0,7.0742,0,Rigid Link 01,41,60000,11500,70,10000000000,10000000000,10000000000,10000000000,,,,,,,,,,,,,,,,,,,,,,,,,,,,,,,,,,,,,,,,,,,,,,,,,,,,,,,,,,,,
371,0,61.6454,-1.125,0,61.6454,0,Rigid Link 01,41,60000,11500,70,10000000000,10000000000,10000000000,10000000000,,,,,,,,,,,,,,,,,,,,,,,,,,,,,,,,,,,,,,,,,,,,,,,,,,,,,,,,,,,,
372,0,100.478,-1.125,0,100.478,0,Rigid Link 01,41,60000,11500,70,10000000000,10000000000,10000000000,10000000000,,,,,,,,,,,,,,,,,,,,,,,,,,,,,,,,,,,,,,,,,,,,,,,,,,,,,,,,,,,,
373,32.75,121.522,-1.125,32.75,121.522,0,Rigid Link 01,41,60000,11500,70,10000000000,10000000000,10000000000,10000000000,,,,,,,,,,,,,,,,,,,,,,,,,,,,,,,,,,,,,,,,,,,,,,,,,,,,,,,,,,,,
374,32.75,214.9258,-1.125,32.75,214.9258,0,Rigid Link 01,41,60000,11500,70,10000000000,10000000000,10000000000,10000000000,,,,,,,,,,,,,,,,,,,,,,,,,,,,,,,,,,,,,,,,,,,,,,,,,,,,,,,,,,,,
375,32.75,160.3546,-1.125,32.75,160.3546,0,Rigid Link 01,41,60000,11500,70,10000000000,10000000000,10000000000,10000000000,,,,,,,,,,,,,,,,,,,,,,,,,,,,,,,,,,,,,,,,,,,,,,,,,,,,,,,,,,,,
376,0,173.3106,-1.125,0,173.3106,0,Rigid Link 01,41,60000,11500,70,10000000000,10000000000,10000000000,10000000000,,,,,,,,,,,,,,,,,,,,,,,,,,,,,,,,,,,,,,,,,,,,,,,,,,,,,,,,,,,,
377,0,134.478,-1.125,0,134.478,0,Rigid Link 01,41,60000,11500,70,10000000000,10000000000,10000000000,10000000000,,,,,,,,,,,,,,,,,,,,,,,,,,,,,,,,,,,,,,,,,,,,,,,,,,,,,,,,,,,,
378,0,232.5422,-1.125,0,232.5422,0,Rigid Link 01,41,60000,11500,70,10000000000,10000000000,10000000000,10000000000,,,,,,,,,,,,,,,,,,,,,,,,,,,,,,,,,,,,,,,,,,,,,,,,,,,,,,,,,,,,
379,32.75,-10.5422,-1.125,32.75,-10.5422,0,Rigid Link 01,41,60000,11500,70,10000000000,10000000000,10000000000,10000000000,,,,,,,,,,,,,,,,,,,,,,,,,,,,,,,,,,,,,,,,,,,,,,,,,,,,,,,,,,,,
380,32.75,87.522,-1.125,32.75,87.522,0,Rigid Link 01,41,60000,11500,70,10000000000,10000000000,10000000000,10000000000,,,,,,,,,,,,,,,,,,,,,,,,,,,,,,,,,,,,,,,,,,,,,,,,,,,,,,,,,,,,
381,32.75,48.6894,-1.125,32.75,48.6894,0,Rigid Link 01,41,60000,11500,70,10000000000,10000000000,10000000000,10000000000,,,,,,,,,,,,,,,,,,,,,,,,,,,,,,,,,,,,,,,,,,,,,,,,,,,,,,,,,,,,
382,0,61.6454,-1.125,-6.375,64.1674,-1.125,Sleeve 01,42,29000,11500,70,10000000000,10000000000,10000000000,10000000000,,,,,,,,,,,,,,,,,,,,,,,,,,,,,,,,,,,,,,,,,,,,,,,,,,,,,,,,,,,,
383,32.75,160.3546,-1.125,39.125,157.8326,-1.125,Sleeve 01,42,29000,11500,70,10000000000,10000000000,10000000000,10000000000,,,,,,,,,,,,,,,,,,,,,,,,,,,,,,,,,,,,,,,,,,,,,,,,,,,,,,,,,,,,
384,32.75,48.6894,-1.125,39.125,46.1674,-1.125,Sleeve 02,43,29000,11500,70,10000000000,10000000000,10000000000,10000000000,,,,,,,,,,,,,,,,,,,,,,,,,,,,,,,,,,,,,,,,,,,,,,,,,,,,,,,,,,,,
385,0,173.3106,-1.125,-6.375,175.8326,-1.125,Sleeve 02,43,29000,11500,70,10000000000,10000000000,10000000000,10000000000,,,,,,,,,,,,,,,,,,,,,,,,,,,,,,,,,,,,,,,,,,,,,,,,,,,,,,,,,,,,
386,0,100.478,-1.125,-6.375,103,-1.125,Sleeve 03,44,29000,11500,70,10000000000,10000000000,10000000000,10000000000,,,,,,,,,,,,,,,,,,,,,,,,,,,,,,,,,,,,,,,,,,,,,,,,,,,,,,,,,,,,
387,32.75,121.522,-1.125,39.125,119,-1.125,Sleeve 03,44,29000,11500,70,10000000000,10000000000,10000000000,10000000000,,,,,,,,,,,,,,,,,,,,,,,,,,,,,,,,,,,,,,,,,,,,,,,,,,,,,,,,,,,,
388,39.125,85,-1.125,32.75,87.522,-1.125,Sleeve 04,45,29000,11500,70,10000000000,10000000000,10000000000,10000000000,,,,,,,,,,,,,,,,,,,,,,,,,,,,,,,,,,,,,,,,,,,,,,,,,,,,,,,,,,,,
389,-6.375,137,-1.125,0,134.478,-1.125,Sleeve 04,45,29000,11500,70,10000000000,10000000000,10000000000,10000000000,,,,,,,,,,,,,,,,,,,,,,,,,,,,,,,,,,,,,,,,,,,,,,,,,,,,,,,,,,,,
390,0,62.6918,-4.6219,0,63.0023,-5.6596,Small Kicker 01,46,29000,11500,70,10000000000,10000000000,10000000000,10000000000,,,,,,,,,,,,,,,,,,,,,,,,,,,,,,,,,,,,,,,,,,,,,,,,,,,,,,,,,,,,
391,0,61.6454,-1.125,0,62.6918,-4.6219,Small Kicker 01,46,29000,11500,70,10000000000,10000000000,10000000000,10000000000,,,,,,,,,,,,,,,,,,,,,,,,,,,,,,,,,,,,,,,,,,,,,,,,,,,,,,,,,,,,
392,32.75,159.3082,-4.6219,32.75,158.9977,-5.6596,Small Kicker 01,46,29000,11500,70,10000000000,10000000000,10000000000,10000000000,,,,,,,,,,,,,,,,,,,,,,,,,,,,,,,,,,,,,,,,,,,,,,,,,,,,,,,,,,,,
393,32.75,160.3546,-1.125,32.75,159.3082,-4.6219,Small Kicker 01,46,29000,11500,70,10000000000,10000000000,10000000000,10000000000,,,,,,,,,,,,,,,,,,,,,,,,,,,,,,,,,,,,,,,,,,,,,,,,,,,,,,,,,,,,
394,0,173.3081,-1.139,0,173.3106,-1.125,Small Kicker 02,47,29000,11500,70,10000000000,10000000000,10000000000,10000000000,,,,,,,,,,,,,,,,,,,,,,,,,,,,,,,,,,,,,,,,,,,,,,,,,,,,,,,,,,,,
395,0,172.5052,-5.6596,0,173.3081,-1.139,Small Kicker 02,47,29000,11500,70,10000000000,10000000000,10000000000,10000000000,,,,,,,,,,,,,,,,,,,,,,,,,,,,,,,,,,,,,,,,,,,,,,,,,,,,,,,,,,,,
396,32.75,48.6919,-1.139,32.75,48.6894,-1.125,Small Kicker 02,47,29000,11500,70,10000000000,10000000000,10000000000,10000000000,,,,,,,,,,,,,,,,,,,,,,,,,,,,,,,,,,,,,,,,,,,,,,,,,,,,,,,,,,,,
397,32.75,49.4948,-5.6596,32.75,48.6919,-1.139,Small Kicker 02,47,29000,11500,70,10000000000,10000000000,10000000000,10000000000,,,,,,,,,,,,,,,,,,,,,,,,,,,,,,,,,,,,,,,,,,,,,,,,,,,,,,,,,,,,
398,39.125,211.4967,-1.125,45.125,167.5226,39.5,Truss 01,48,29000,11500,70,10000000000,10000000000,10000000000,10000000000,,,,,,,,,,,,,,,,,,,,,,,,,,,,,,,,,,,,,,,,,,,,,,,,,,,,,,,,,,,,
399,-6.375,10.5033,-1.125,-12.375,54.4774,39.5,Truss 01,48,29000,11500,70,10000000000,10000000000,10000000000,10000000000,,,,,,,,,,,,,,,,,,,,,,,,,,,,,,,,,,,,,,,,,,,,,,,,,,,,,,,,,,,,
400,45.125,167.5226,39.5,45.125,36.4774,39.5,Truss 02,49,29000,11500,70,10000000000,10000000000,10000000000,10000000000,,,,,,,,,,,,,,,,,,,,,,,,,,,,,,,,,,,,,,,,,,,,,,,,,,,,,,,,,,,,
401,-12.375,54.4774,39.5,-12.375,185.5226,39.5,Truss 02,49,29000,11500,70,10000000000,10000000000,10000000000,10000000000,,,,,,,,,,,,,,,,,,,,,,,,,,,,,,,,,,,,,,,,,,,,,,,,,,,,,,,,,,,,
402,-6.375,235.9714,-1.125,-12.375,185.5226,39.5,Truss 03,50,29000,11500,70,10000000000,10000000000,10000000000,10000000000,,,,,,,,,,,,,,,,,,,,,,,,,,,,,,,,,,,,,,,,,,,,,,,,,,,,,,,,,,,,
403,39.125,-13.9714,-1.125,45.125,36.4774,39.5,Truss 03,50,29000,11500,70,10000000000,10000000000,10000000000,10000000000,,,,,,,,,,,,,,,,,,,,,,,,,,,,,,,,,,,,,,,,,,,,,,,,,,,,,,,,,,,,
404,45.125,167.5226,39.5,39.125,157.8326,-1.125,Truss Web 01,51,29000,11500,70,10000000000,10000000000,10000000000,10000000000,,,,,,,,,,,,,,,,,,,,,,,,,,,,,,,,,,,,,,,,,,,,,,,,,,,,,,,,,,,,
405,-12.375,54.4774,39.5,-6.375,64.1674,-1.125,Truss Web 01,51,29000,11500,70,10000000000,10000000000,10000000000,10000000000,,,,,,,,,,,,,,,,,,,,,,,,,,,,,,,,,,,,,,,,,,,,,,,,,,,,,,,,,,,,
406,45.125,167.5226,39.5,39.125,119,-1.125,Truss Web 02,52,29000,11500,70,10000000000,10000000000,10000000000,10000000000,,,,,,,,,,,,,,,,,,,,,,,,,,,,,,,,,,,,,,,,,,,,,,,,,,,,,,,,,,,,
407,-12.375,54.4774,39.5,-6.375,103,-1.125,Truss Web 02,52,29000,11500,70,10000000000,10000000000,10000000000,10000000000,,,,,,,,,,,,,,,,,,,,,,,,,,,,,,,,,,,,,,,,,,,,,,,,,,,,,,,,,,,,
408,-6.375,137,-1.125,-12.375,185.5226,39.5,Truss Web 03,53,29000,11500,70,10000000000,10000000000,10000000000,10000000000,,,,,,,,,,,,,,,,,,,,,,,,,,,,,,,,,,,,,,,,,,,,,,,,,,,,,,,,,,,,
409,39.125,85,-1.125,45.125,36.4774,39.5,Truss Web 03,53,29000,11500,70,10000000000,10000000000,10000000000,10000000000,,,,,,,,,,,,,,,,,,,,,,,,,,,,,,,,,,,,,,,,,,,,,,,,,,,,,,,,,,,,
410,-12.375,185.5226,39.5,-6.375,175.8326,-1.125,Truss Web 04,54,29000,11500,70,10000000000,10000000000,10000000000,10000000000,,,,,,,,,,,,,,,,,,,,,,,,,,,,,,,,,,,,,,,,,,,,,,,,,,,,,,,,,,,,
411,45.125,36.4774,39.5,39.125,46.1674,-1.125,Truss Web 04,54,29000,11500,70,10000000000,10000000000,10000000000,10000000000,,,,,,,,,,,,,,,,,,,,,,,,,,,,,,,,,,,,,,,,,,,,,,,,,,,,,,,,,,,,
412,39.125,-13.9714,-1.125,32.75,-15.0624,-4.5308,W Kicker 01,55,29000,11500,70,10000000000,10000000000,10000000000,10000000000,,,,,,,,,,,,,,,,,,,,,,,,,,,,,,,,,,,,,,,,,,,,,,,,,,,,,,,,,,,,
413,-6.375,235.9714,-1.125,0,237.0624,-4.5308,W Kicker 01,55,29000,11500,70,10000000000,10000000000,10000000000,10000000000,,,,,,,,,,,,,,,,,,,,,,,,,,,,,,,,,,,,,,,,,,,,,,,,,,,,,,,,,,,,
414,39.125,-13.9714,-1.125,32.75,-10.5422,-1.125,W Leg Sleeve 01,56,29000,11500,70,10000000000,10000000000,10000000000,10000000000,,,,,,,,,,,,,,,,,,,,,,,,,,,,,,,,,,,,,,,,,,,,,,,,,,,,,,,,,,,,
415,-6.375,235.9714,-1.125,0,232.5422,-1.125,W Leg Sleeve 01,56,29000,11500,70,10000000000,10000000000,10000000000,10000000000,,,,,,,,,,,,,,,,,,,,,,,,,,,,,,,,,,,,,,,,,,,,,,,,,,,,,,,,,,,,
416,0,234.2585,-2.4182,0,237.0624,-4.5308,W Small Kicker 01,57,29000,11500,70,10000000000,10000000000,10000000000,10000000000,,,,,,,,,,,,,,,,,,,,,,,,,,,,,,,,,,,,,,,,,,,,,,,,,,,,,,,,,,,,
417,0,232.5422,-1.125,0,234.2585,-2.4182,W Small Kicker 01,57,29000,11500,70,10000000000,10000000000,10000000000,10000000000,,,,,,,,,,,,,,,,,,,,,,,,,,,,,,,,,,,,,,,,,,,,,,,,,,,,,,,,,,,,
418,32.75,-12.2585,-2.4182,32.75,-15.0624,-4.5308,W Small Kicker 01,57,29000,11500,70,10000000000,10000000000,10000000000,10000000000,,,,,,,,,,,,,,,,,,,,,,,,,,,,,,,,,,,,,,,,,,,,,,,,,,,,,,,,,,,,
419,32.75,-10.5422,-1.125,32.75,-12.2585,-2.4182,W Small Kicker 01,57,29000,11500,70,10000000000,10000000000,10000000000,10000000000,,,,,,,,,,,,,,,,,,,,,,,,,,,,,,,,,,,,,,,,,,,,,,,,,,,,,,,,,,,,
420,0,237.0624,-4.5308,0,237.0624,-5.6596,West Leg 01,58,29000,11500,70,10000000000,10000000000,10000000000,10000000000,,,,,,,,,,,,,,,,,,,,,,,,,,,,,,,,,,,,,,,,,,,,,,,,,,,,,,,,,,,,
421,0,237.0624,0,0,237.0624,-4.5308,West Leg 01,58,29000,11500,70,10000000000,10000000000,10000000000,10000000000,,,,,,,,,,,,,,,,,,,,,,,,,,,,,,,,,,,,,,,,,,,,,,,,,,,,,,,,,,,,
422,0,237.0624,-5.6596,0,237.0624,-19.25,West Leg 01,58,29000,11500,70,10000000000,10000000000,10000000000,10000000000,,,,,,,,,,,,,,,,,,,,,,,,,,,,,,,,,,,,,,,,,,,,,,,,,,,,,,,,,,,,
423,32.75,-15.0624,-5.6596,32.75,-15.0624,-19.25,West Leg 01,58,29000,11500,70,10000000000,10000000000,10000000000,10000000000,,,,,,,,,,,,,,,,,,,,,,,,,,,,,,,,,,,,,,,,,,,,,,,,,,,,,,,,,,,,
424,32.75,-15.0624,-4.5308,32.75,-15.0624,-5.6596,West Leg 01,58,29000,11500,70,10000000000,10000000000,10000000000,10000000000,,,,,,,,,,,,,,,,,,,,,,,,,,,,,,,,,,,,,,,,,,,,,,,,,,,,,,,,,,,,
425,32.75,-15.0624,0,32.75,-15.0624,-4.5308,West Leg 01,58,29000,11500,70,10000000000,10000000000,10000000000,10000000000,,,,,,,,,,,,,,,,,,,,,,,,,,,,,,,,,,,,,,,,,,,,,,,,,,,,,,,,,,,,
